folder_name,dataset,model,optimizer,seed,learning_rate,epochs,batch_size,momentum,weight_decay,spsa_a,spsa_c,accuracy,macro_f1,macro_precision,macro_recall,weighted_f1,weighted_precision,weighted_recall,final_train_loss,final_val_loss,final_val_acc,best_val_acc,final_train_acc,training_time
cifar100_ResNet18_QNG_1337_1752456477,cifar100,ResNet18,QNG,1337,0.001,50,32,,,,,0.4495,0.4473321127848827,0.4553763130894004,0.4494999999999999,0.4473321127848827,0.4553763130894004,0.4495,0.0918799874896612,4.8376421075278575,44.95,46.01,97.034,1744.1100568771362
cifar100_ResNet18_QNG_2025_1752458548,cifar100,ResNet18,QNG,2025,0.001,50,32,,,,,0.4103,0.4158551949668254,0.4346572884907075,0.4103,0.4158551949668254,0.4346572884907074,0.4103,0.2120241935299953,4.986757915240888,41.03,41.99,93.338,1742.0465967655182
cifar100_ResNet18_QNG_2025_1752460625,cifar100,ResNet18,QNG,2025,0.001,50,32,,,,,0.4567,0.4515094177400721,0.4574033868127188,0.4567,0.4515094177400721,0.4574033868127188,0.4567,0.0922802017300949,4.794907144083383,45.67,46.52,97.07,1739.8452184200287
cifar100_ResNet18_QNG_2025_1752628490,cifar100,ResNet18,QNG,2025,0.001,50,32,,,,,0.4083,0.4068864862596299,0.4190571621400393,0.4082999999999999,0.4068864862596298,0.4190571621400392,0.4083,0.2267609254808015,4.904984440666418,40.83,41.65,92.928,1753.318271636963
cifar100_ResNet18_QNG_2025_1752630575,cifar100,ResNet18,QNG,2025,0.001,50,32,,,,,0.4521,0.4507975090775358,0.457664111176267,0.4521,0.4507975090775357,0.4576641111762671,0.4521,0.0938303938411981,4.77813355153361,45.21,46.1,96.906,1753.9858169555664
cifar100_ResNet18_QNG_42_1752454408,cifar100,ResNet18,QNG,42,0.001,50,32,,,,,0.4489,0.4469528514427005,0.4560549779342976,0.4489,0.4469528514427006,0.4560549779342978,0.4489,0.0952806661876501,4.8594744540631964,44.89,46.2,96.978,1751.6349124908447
cifar100_SimpleCNN_AdamW_1337_1752584721,cifar100,SimpleCNN,AdamW,1337,0.001,50,32,,0.01,,,0.4327,0.4296145951095772,0.4338500801070269,0.4327,0.4296145951095773,0.4338500801070268,0.4327,0.8531788237779017,2.9323521437355504,43.27,44.59,73.528,885.836386680603
cifar100_SimpleCNN_AdamW_2025_1752585937,cifar100,SimpleCNN,AdamW,2025,0.001,50,32,,0.01,,,0.4341,0.432682307320568,0.4405431595398404,0.4341,0.4326823073205681,0.4405431595398405,0.4341,0.8130297186621778,3.013116368089621,43.41,45.16,74.478,885.8561658859253
cifar100_SimpleCNN_AdamW_42_1752583484,cifar100,SimpleCNN,AdamW,42,0.001,50,32,,0.01,,,0.415,0.4134176291739153,0.4201288399782547,0.415,0.4134176291739153,0.4201288399782547,0.415,1.0422623505290318,2.835520132281148,41.5,43.73,67.752,897.4891541004181
cifar100_SimpleCNN_Adam_1337_1752581052,cifar100,SimpleCNN,Adam,1337,0.001,50,32,,,,,0.4061,0.4055798740107059,0.4117061833761712,0.4061,0.4055798740107059,0.4117061833761713,0.4061,0.8129994047904578,3.9061676633243754,40.61,42.93,74.866,887.931973695755
cifar100_SimpleCNN_Adam_2025_1752582261,cifar100,SimpleCNN,Adam,2025,0.001,50,32,,,,,0.4146,0.4139157686487403,0.4188524118489528,0.4146000000000001,0.4139157686487404,0.4188524118489528,0.4146,0.8445045630842619,3.7736996058077095,41.46,44.35,73.958,889.1454555988312
cifar100_SimpleCNN_Adam_42_1752579850,cifar100,SimpleCNN,Adam,42,0.001,50,32,,,,,0.4,0.4005216613247582,0.4061892329597181,0.4,0.4005216613247581,0.4061892329597179,0.4,0.9435895321007652,3.5061940689818165,40.0,42.61,70.924,877.6199128627777
cifar100_SimpleCNN_QNG_42_1752590813,cifar100,SimpleCNN,QNG,42,0.001,50,32,,,,,0.3966,0.3968122020797828,0.4027316073098939,0.3965999999999999,0.3968122020797828,0.402731607309894,0.3966,0.953150979006664,3.588555694768985,39.66,43.3,70.722,888.4947280883789
cifar100_SimpleCNN_SGD_1337_1752577472,cifar100,SimpleCNN,SGD,1337,0.001,50,32,0.9,,,,0.448,0.4465648448849377,0.454067763516531,0.448,0.4465648448849377,0.454067763516531,0.448,0.6195039170069032,2.7249851382959385,44.8,45.46,80.31,859.9551804065704
cifar100_SimpleCNN_SGD_2025_1752578662,cifar100,SimpleCNN,SGD,2025,0.001,50,32,0.9,,,,0.457,0.4569255559433337,0.4647679880662025,0.4569999999999999,0.4569255559433336,0.4647679880662024,0.457,0.6391231555894484,2.65005650383215,45.7,46.49,79.626,859.6363427639008
cifar100_SimpleCNN_SGD_42_1752576282,cifar100,SimpleCNN,SGD,42,0.001,50,32,0.9,,,,0.4476,0.4483900313930369,0.4595494213768589,0.4476,0.4483900313930368,0.4595494213768588,0.4476,0.6373054779975443,2.6839652587049687,44.76,45.81,79.584,861.4640440940857
cifar100_SimpleCNN_SPSA_1337_1752588384,cifar100,SimpleCNN,SPSA,1337,0.001,50,32,,,0.1,0.01,0.4098,0.4078822512602368,0.4115218017412436,0.4098,0.4078822512602367,0.4115218017412436,0.4098,0.8031733014113768,3.773661957762112,40.98,44.37,75.254,884.5462441444397
cifar100_SimpleCNN_SPSA_2025_1752589603,cifar100,SimpleCNN,SPSA,2025,0.001,50,32,,,0.1,0.01,0.4107,0.4112042036310428,0.4179012676632828,0.4106999999999999,0.4112042036310429,0.4179012676632828,0.4107,0.8533539790910403,3.623954554335378,41.07,44.29,73.728,882.7294290065765
cifar100_SimpleCNN_SPSA_42_1752587167,cifar100,SimpleCNN,SPSA,42,0.001,50,32,,,0.1,0.01,0.4031,0.4041642337052461,0.4114545216088941,0.4030999999999999,0.404164233705246,0.4114545216088942,0.4031,0.9641982713477092,3.46675418626767,40.31,42.95,70.364,880.4951820373535
cifar10_ResNet18_AdamW_1337_1752562218,cifar10,ResNet18,AdamW,1337,0.001,50,32,,0.01,,,0.7741,0.7730818912689459,0.7738561161422781,0.7741,0.7730818912689459,0.773856116142278,0.7741,0.0461574429742774,1.2053253538549518,77.41,77.65,98.488,1749.882619857788
cifar10_ResNet18_AdamW_2025_1752563999,cifar10,ResNet18,AdamW,2025,0.001,50,32,,0.01,,,0.7664,0.7651485166578579,0.767474944257133,0.7664000000000001,0.7651485166578579,0.7674749442571329,0.7664,0.0462869818947394,1.2376845259064684,76.64,77.33,98.442,1744.2172734737396
cifar10_ResNet18_AdamW_42_1752445458,cifar10,ResNet18,AdamW,42,0.001,50,32,,0.01,,,0.7662,0.7664441644703859,0.7683712189973343,0.7661999999999999,0.7664441644703859,0.7683712189973343,0.7662,0.0336503337011163,1.2936371250179248,76.62,77.68,98.856,1792.852426528931
cifar10_ResNet18_AdamW_42_1752447282,cifar10,ResNet18,AdamW,42,0.001,50,32,,0.01,,,0.7679,0.7673682439534024,0.7691945950436047,0.7678999999999999,0.7673682439534024,0.7691945950436047,0.7679,0.0264257589552213,1.3463885169059704,76.79,77.2,99.124,1773.651097536087
cifar10_ResNet18_AdamW_42_1752560442,cifar10,ResNet18,AdamW,42,0.001,50,32,,0.01,,,0.7685,0.7696497313066186,0.7729189881048842,0.7685000000000001,0.7696497313066185,0.7729189881048842,0.7685,0.0491948225796185,1.2054313715940086,76.85,77.57,98.354,1744.3057980537417
cifar10_ResNet18_Adam_1337_1752556928,cifar10,ResNet18,Adam,1337,0.001,50,32,,,,,0.7689,0.7702482191931216,0.7740392141670946,0.7689,0.7702482191931216,0.7740392141670946,0.7689,0.0314902152011837,1.381813946813821,76.89,77.78,98.942,1723.2101197242737
cifar10_ResNet18_Adam_2025_1752558682,cifar10,ResNet18,Adam,2025,0.001,50,32,,,,,0.778,0.777279267480856,0.7777042160744199,0.7779999999999999,0.777279267480856,0.7777042160744199,0.778,0.0276660604743967,1.3374020345390034,77.8,78.07,99.052,1728.3691794872284
cifar10_ResNet18_Adam_42_1752555180,cifar10,ResNet18,Adam,42,0.001,50,32,,,,,0.7724,0.7726933402413093,0.7748072216937321,0.7724,0.7726933402413093,0.7748072216937321,0.7724,0.0247611708849361,1.344854412082666,77.24,78.03,99.162,1717.918568134308
cifar10_ResNet18_QNG_1337_1752572789,cifar10,ResNet18,QNG,1337,0.001,50,32,,,,,0.7712,0.7725567920546409,0.7767260940042142,0.7712,0.7725567920546408,0.7767260940042141,0.7712,0.027043553809459,1.3244920604335615,77.12,78.0,99.074,1719.3452894687653
cifar10_ResNet18_QNG_2025_1752574540,cifar10,ResNet18,QNG,2025,0.001,50,32,,,,,0.7741,0.7739738393114457,0.775547546739453,0.7741,0.7739738393114458,0.775547546739453,0.7741,0.0249431378107843,1.3927336206641825,77.41,78.21,99.184,1711.1297249794006
cifar10_ResNet18_QNG_42_1752449086,cifar10,ResNet18,QNG,42,0.001,50,32,,,,,0.7797,0.7796645663024016,0.7804376033037859,0.7797,0.7796645663024018,0.780437603303786,0.7797,0.0234867415762862,1.4166847980393769,77.97,78.39,99.242,1740.3016624450684
cifar10_ResNet18_QNG_42_1752571027,cifar10,ResNet18,QNG,42,0.001,50,32,,,,,0.7682,0.7689215501360405,0.7753605943112052,0.7682,0.7689215501360405,0.7753605943112051,0.7682,0.0264045618496288,1.4618392919008725,76.82,77.73,99.122,1720.7547121047974
cifar10_ResNet18_SGD_1337_1752439047,cifar10,ResNet18,SGD,1337,0.001,50,32,0.9,,,,0.6109,0.607832036712882,0.607934757494855,0.6109,0.6078320367128819,0.607934757494855,0.6109,0.0429078492470638,2.05124323017681,61.09,61.46,98.604,1532.7628753185272
cifar10_ResNet18_SGD_1337_1752440611,cifar10,ResNet18,SGD,1337,0.001,50,32,0.9,,,,0.7202,0.7186928486734344,0.7186646037573825,0.7202,0.7186928486734344,0.7186646037573824,0.7202,0.0145183276042619,1.8023311547197087,72.02,72.1,99.506,1605.722018480301
cifar10_ResNet18_SGD_1337_1752551938,cifar10,ResNet18,SGD,1337,0.001,50,32,0.9,,,,0.7198,0.7186517038955653,0.7190795013519193,0.7198,0.7186517038955654,0.7190795013519194,0.7198,0.014699725416874,1.817882315895428,71.98,72.44,99.52,1587.188235759735
cifar10_ResNet18_SGD_2025_1752442247,cifar10,ResNet18,SGD,2025,0.001,50,32,0.9,,,,0.6086,0.606743043169456,0.605886603991957,0.6086,0.606743043169456,0.6058866039919569,0.6086,0.0414959600431619,2.0172608582356486,60.86,61.22,98.694,1542.948711156845
cifar10_ResNet18_SGD_2025_1752443820,cifar10,ResNet18,SGD,2025,0.001,50,32,0.9,,,,0.7142,0.7152935159206028,0.7181604035704632,0.7142,0.7152935159206026,0.7181604035704632,0.7142,0.0110221989949168,1.8834983610307063,71.42,72.17,99.65,1605.0028822422028
cifar10_ResNet18_SGD_2025_1752553556,cifar10,ResNet18,SGD,2025,0.001,50,32,0.9,,,,0.7215,0.7214430054629242,0.7220339696240086,0.7215,0.7214430054629242,0.7220339696240085,0.7215,0.0145490800469772,1.7716137459293342,72.15,72.57,99.496,1593.24542427063
cifar10_ResNet18_SGD_42_1752419824,cifar10,ResNet18,SGD,42,0.001,50,32,0.9,,,,0.6196,0.6203276627992175,0.6238515407962875,0.6195999999999999,0.6203276627992175,0.6238515407962875,0.6196,0.0342666863187714,1.994942152842927,61.96,62.78,98.948,1531.9802901744845
cifar10_ResNet18_SGD_42_1752421389,cifar10,ResNet18,SGD,42,0.001,50,32,0.9,,,,0.7193,0.7189970990918366,0.7202231933682048,0.7193,0.7189970990918366,0.7202231933682047,0.7193,0.0177097398634695,1.8493349484551829,71.93,71.93,99.424,1603.311781167984
cifar10_ResNet18_SGD_42_1752427502,cifar10,ResNet18,SGD,42,0.001,50,32,0.9,,,,0.6095,0.6099624607919084,0.6139108614777002,0.6094999999999999,0.6099624607919084,0.6139108614777002,0.6095,0.036275661300389,2.069796607326776,60.95,61.47,98.914,1561.7545852661133
cifar10_ResNet18_SGD_42_1752435826,cifar10,ResNet18,SGD,42,0.001,50,32,0.9,,,,0.6148,0.6152400930413975,0.6178343270600606,0.6148,0.6152400930413975,0.6178343270600605,0.6148,0.0380935400901454,1.982963217333102,61.48,62.12,98.772,1542.4434325695038
cifar10_ResNet18_SGD_42_1752437403,cifar10,ResNet18,SGD,42,0.001,50,32,0.9,,,,0.7228,0.7232513057459526,0.7251545805778195,0.7228000000000001,0.7232513057459526,0.7251545805778195,0.7228,0.0114167072736488,1.753969621258422,72.28,72.44,99.632,1610.4759595394137
cifar10_ResNet18_SGD_42_1752550326,cifar10,ResNet18,SGD,42,0.001,50,32,0.9,,,,0.7207,0.7222038376883028,0.7252589203081424,0.7207000000000001,0.7222038376883027,0.7252589203081424,0.7207,0.0140652701408323,1.7827838699276837,72.07,72.07,99.512,1581.9156222343445
cifar10_ResNet18_SPSA_1337_1752336361,cifar10,ResNet18,SPSA,1337,0.001,50,32,,,0.1,0.01,0.7767,0.7786243624255154,0.7817070029130256,0.7767,0.7786243624255152,0.7817070029130256,0.7767,0.0307632228588681,1.2843927361142522,77.67,78.41,99.06,1707.4257202148438
cifar10_ResNet18_SPSA_1337_1752405771,cifar10,ResNet18,SPSA,1337,0.001,50,32,,,0.1,0.01,0.7797,0.7804047551367214,0.7828751037408473,0.7797,0.7804047551367214,0.7828751037408472,0.7797,0.0289989518441539,1.3357382695705364,77.97,78.32,98.998,1712.5588455200195
cifar10_ResNet18_SPSA_1337_1752407517,cifar10,ResNet18,SPSA,1337,0.001,50,32,,,0.1,0.01,0.7025,0.7028986090119334,0.7051904854687729,0.7025,0.7028986090119332,0.7051904854687729,0.7025,0.0396103459318272,1.75208977674143,70.25,70.92,98.638,1713.594830751419
cifar10_ResNet18_SPSA_1337_1752567522,cifar10,ResNet18,SPSA,1337,0.001,50,32,,,0.1,0.01,0.7726,0.7731718276831299,0.7769137538832257,0.7726,0.77317182768313,0.7769137538832258,0.7726,0.0293758755825939,1.3814634908550083,77.26,78.16,99.032,1720.8607153892517
cifar10_ResNet18_SPSA_1337_1752621378,cifar10,ResNet18,SPSA,1337,0.001,50,32,,,0.1,0.01,0.714,0.7141989951323204,0.715028942778108,0.714,0.7141989951323204,0.715028942778108,0.714,0.0381287407050009,1.6963546252288757,71.4,71.4,98.706,1748.0761835575104
cifar10_ResNet18_SPSA_1337_1752623157,cifar10,ResNet18,SPSA,1337,0.001,50,32,,,0.1,0.01,0.778,0.7788253512420921,0.7815113238729079,0.7779999999999999,0.7788253512420921,0.781511323872908,0.778,0.0262288897570829,1.3790036008095208,77.8,78.25,99.132,1738.7894504070282
cifar10_ResNet18_SPSA_2025_1752338101,cifar10,ResNet18,SPSA,2025,0.001,50,32,,,0.1,0.01,0.7701,0.7690997008317553,0.7696555752408473,0.7701,0.7690997008317552,0.7696555752408474,0.7701,0.0254451125038077,1.3624338320554636,77.01,77.8,99.178,1725.4843957424164
cifar10_ResNet18_SPSA_2025_1752409261,cifar10,ResNet18,SPSA,2025,0.001,50,32,,,0.1,0.01,0.779,0.7776739587069614,0.7781548691007015,0.7789999999999999,0.7776739587069614,0.7781548691007014,0.779,0.0290710612188413,1.3013605815343583,77.9,78.04,99.034,1714.8279752731323
cifar10_ResNet18_SPSA_2025_1752411007,cifar10,ResNet18,SPSA,2025,0.001,50,32,,,0.1,0.01,0.7061,0.7041638874343705,0.7043085754830081,0.7061000000000001,0.7041638874343706,0.704308575483008,0.7061,0.0371335212873889,1.7219827743574454,70.61,70.66,98.778,1708.4470326900482
cifar10_ResNet18_SPSA_2025_1752569275,cifar10,ResNet18,SPSA,2025,0.001,50,32,,,0.1,0.01,0.767,0.7675508564478049,0.7707891475184209,0.7670000000000001,0.7675508564478049,0.7707891475184208,0.767,0.0242918547948903,1.4020969062662734,76.7,77.77,99.16,1720.470786571503
cifar10_ResNet18_SPSA_2025_1752624926,cifar10,ResNet18,SPSA,2025,0.001,50,32,,,0.1,0.01,0.7122,0.7115347744261267,0.7123332882505896,0.7121999999999999,0.7115347744261268,0.7123332882505896,0.7122,0.0344587820515709,1.728862781113329,71.22,71.35,98.836,1753.6685619354248
cifar10_ResNet18_SPSA_2025_1752626712,cifar10,ResNet18,SPSA,2025,0.001,50,32,,,0.1,0.01,0.7807,0.779433910498431,0.7792170302431803,0.7807000000000001,0.779433910498431,0.7792170302431805,0.7807,0.0267534751743201,1.3728689319028642,78.07,78.07,99.13,1744.588118314743
cifar10_ResNet18_SPSA_42_1752450858,cifar10,ResNet18,SPSA,42,0.001,50,32,,,0.1,0.01,0.6963,0.6967718968945824,0.702541042935494,0.6962999999999999,0.6967718968945824,0.702541042935494,0.6963,0.0412812207665382,1.7542283284587985,69.63,70.66,98.538,1743.2350273132324
cifar10_ResNet18_SPSA_42_1752452632,cifar10,ResNet18,SPSA,42,0.001,50,32,,,0.1,0.01,0.7715,0.7717247822534399,0.7751500381860309,0.7715,0.7717247822534399,0.7751500381860309,0.7715,0.0277323312452582,1.404984010579868,77.15,78.18,99.108,1744.8882467746737
cifar10_ResNet18_SPSA_42_1752565774,cifar10,ResNet18,SPSA,42,0.001,50,32,,,0.1,0.01,0.7822,0.7825083039017426,0.7842168623212485,0.7822000000000001,0.7825083039017425,0.7842168623212485,0.7822,0.0272357216703998,1.3186455241645487,78.22,78.22,99.13,1716.8063764572144
cifar10_ResNet18_SPSA_42_1752617797,cifar10,ResNet18,SPSA,42,0.001,50,32,,,0.1,0.01,0.7145,0.7135911719472986,0.714237712715137,0.7145,0.7135911719472988,0.714237712715137,0.7145,0.036886993183708,1.7070269738904202,71.45,71.45,98.75,1753.5654530525208
cifar10_ResNet18_SPSA_42_1752619585,cifar10,ResNet18,SPSA,42,0.001,50,32,,,0.1,0.01,0.7705,0.7715253465470483,0.7735173152719128,0.7705,0.7715253465470483,0.7735173152719129,0.7705,0.0268976631873413,1.3477988095995717,77.05,77.78,99.074,1762.7356705665588
cifar10_SimpleCNN_AdamW_1337_1752542979,cifar10,SimpleCNN,AdamW,1337,0.001,50,32,,0.01,,,0.7694,0.7679317170611717,0.7693212540353953,0.7693999999999999,0.7679317170611718,0.7693212540353951,0.7694,0.1407801148105384,1.227605812346783,76.94,77.64,95.378,888.5125987529755
cifar10_SimpleCNN_AdamW_2025_1752543907,cifar10,SimpleCNN,AdamW,2025,0.001,50,32,,0.01,,,0.7647,0.7670567811250777,0.7724571930964627,0.7647,0.7670567811250777,0.7724571930964627,0.7647,0.1394941024467353,1.2036491324916816,76.47,77.81,95.244,890.78200340271
cifar10_SimpleCNN_AdamW_42_1750308307,cifar10,SimpleCNN,AdamW,42,0.001,50,32,,0.01,,,0.795,0.7941573748911375,0.7956219347627166,0.795,0.7941573748911375,0.7956219347627165,0.795,0.4629526622235775,0.7066108870525329,78.85,79.2,84.0,430.2138538360596
cifar10_SimpleCNN_AdamW_42_1750310003,cifar10,SimpleCNN,AdamW,42,0.001,50,32,,0.01,,,0.8136,0.811606154092547,0.8128360404814305,0.8135999999999999,0.811606154092547,0.8128360404814304,0.8136,0.3019165701985359,0.6934805514570623,79.81,80.85,89.2425,437.594850063324
cifar10_SimpleCNN_AdamW_42_1750311725,cifar10,SimpleCNN,AdamW,42,0.001,50,32,,0.01,,,0.8107,0.8108708380743188,0.8123649938685338,0.8107,0.8108708380743189,0.8123649938685337,0.8107,0.2944180993884802,0.694199310276455,80.45,80.95,89.6875,427.1825928688049
cifar10_SimpleCNN_AdamW_42_1752542055,cifar10,SimpleCNN,AdamW,42,0.001,50,32,,0.01,,,0.7618,0.762761918651875,0.7687957014511186,0.7617999999999999,0.7627619186518749,0.7687957014511185,0.7618,0.1361951313587233,1.2675760993228171,76.18,77.41,95.468,894.0442698001862
cifar10_SimpleCNN_Adam_1337_1750303761,cifar10,SimpleCNN,Adam,1337,0.001,50,32,,,,,0.793,0.7921535516951698,0.7976616762050391,0.7929999999999999,0.7921535516951698,0.7976616762050392,0.793,0.4720600091278553,0.7815398931408081,76.89,78.64,83.8425,423.97069931030273
cifar10_SimpleCNN_Adam_1337_1750305463,cifar10,SimpleCNN,Adam,1337,0.001,50,32,,,,,0.8182,0.8179950640020952,0.8191742264247317,0.8181999999999998,0.8179950640020951,0.8191742264247317,0.8182,0.2779075317293406,0.7442794926702595,80.16,80.59,90.155,428.4039828777313
cifar10_SimpleCNN_Adam_1337_1752540216,cifar10,SimpleCNN,Adam,1337,0.001,50,32,,,,,0.7572,0.7556432531447455,0.7580971493010834,0.7572000000000001,0.7556432531447455,0.7580971493010834,0.7572,0.1474063524451661,1.6425930849089028,75.72,76.5,95.356,887.853196144104
cifar10_SimpleCNN_Adam_2025_1750304323,cifar10,SimpleCNN,Adam,2025,0.001,50,32,,,,,0.8005,0.7992745680262108,0.7996300599889632,0.8005000000000001,0.7992745680262106,0.7996300599889631,0.8005,0.4642374713689088,0.7107449569545996,78.4,79.04,84.17,431.4148375988007
cifar10_SimpleCNN_Adam_2025_1750306030,cifar10,SimpleCNN,Adam,2025,0.001,50,32,,,,,0.8147,0.8143878243697138,0.815795967672203,0.8147,0.8143878243697138,0.815795967672203,0.8147,0.2776695094332099,0.7360613199944694,79.5,80.63,90.13,425.8811321258545
cifar10_SimpleCNN_Adam_2025_1752541135,cifar10,SimpleCNN,Adam,2025,0.001,50,32,,,,,0.7547,0.7545792453911424,0.7551641757959529,0.7546999999999999,0.7545792453911424,0.7551641757959529,0.7547,0.1384907133838509,1.6515957664567442,75.47,76.88,95.668,889.1572413444519
cifar10_SimpleCNN_Adam_42_1750303199,cifar10,SimpleCNN,Adam,42,0.001,50,32,,,,,0.7971,0.7965554734411737,0.7970298951726422,0.7971000000000001,0.7965554734411737,0.7970298951726423,0.7971,0.4652965566635131,0.7179204083907719,78.64,79.1,83.985,424.2097659111023
cifar10_SimpleCNN_Adam_42_1750304892,cifar10,SimpleCNN,Adam,42,0.001,50,32,,,,,0.8191,0.8186383854440218,0.8200438535773064,0.8190999999999999,0.8186383854440218,0.8200438535773062,0.8191,0.2984522954523563,0.6990353356058986,80.29,80.94,89.415,432.0176365375519
cifar10_SimpleCNN_Adam_42_1752539295,cifar10,SimpleCNN,Adam,42,0.001,50,32,,,,,0.7577,0.7578430653785446,0.7600271069755965,0.7576999999999999,0.7578430653785445,0.7600271069755965,0.7577,0.1363190973848038,1.6731503755330277,75.77,77.29,95.754,891.6011943817139
cifar10_SimpleCNN_QNG_1337_1750317366,cifar10,SimpleCNN,QNG,1337,0.001,50,32,,,,,0.211,0.1419847674719068,0.1537870878822151,0.211,0.1419847674719068,0.1537870878822151,0.211,2.100260394668579,2.0577068839210293,20.73,30.09,21.315,420.79469752311707
cifar10_SimpleCNN_QNG_1337_1750319053,cifar10,SimpleCNN,QNG,1337,0.001,50,32,,,,,0.3374,0.3192699881550208,0.4755528380145601,0.3374,0.3192699881550208,0.47555283801456,0.3374,1.998745109462738,1.8232477583443396,31.29,67.67,28.6325,424.136575460434
cifar10_SimpleCNN_QNG_1337_1752548490,cifar10,SimpleCNN,QNG,1337,0.001,50,32,,,,,0.7627,0.7614445292636576,0.7607383541649331,0.7627,0.7614445292636577,0.7607383541649331,0.7627,0.1455142811302427,1.59990663702686,76.27,77.13,95.358,885.6612553596497
cifar10_SimpleCNN_QNG_2025_1750317927,cifar10,SimpleCNN,QNG,2025,0.001,50,32,,,,,0.2325,0.1728415711771313,0.1729316921169455,0.2324999999999999,0.1728415711771313,0.1729316921169456,0.2325,2.112948854732513,2.0657980362066444,22.76,31.04,21.84,423.5342118740082
cifar10_SimpleCNN_QNG_2025_1750319618,cifar10,SimpleCNN,QNG,2025,0.001,50,32,,,,,0.2946,0.2459301822473565,0.4427801288727411,0.2946,0.2459301822473565,0.4427801288727411,0.2946,2.1162280447006228,1.8117680138292405,28.57,67.93,26.8575,429.7260546684265
cifar10_SimpleCNN_QNG_2025_1752549406,cifar10,SimpleCNN,QNG,2025,0.001,50,32,,,,,0.7598,0.761207690333763,0.7648629769700424,0.7597999999999999,0.7612076903337631,0.7648629769700425,0.7598,0.1397985921916187,1.7227333859799387,75.98,77.25,95.628,891.0009973049164
cifar10_SimpleCNN_QNG_42_1750316807,cifar10,SimpleCNN,QNG,42,0.001,50,32,,,,,0.219,0.1746097684136977,0.2534372472707927,0.219,0.1746097684136977,0.2534372472707927,0.219,2.1361624784469604,2.0619846174892147,20.93,29.53,20.2025,419.0179250240326
cifar10_SimpleCNN_QNG_42_1750318490,cifar10,SimpleCNN,QNG,42,0.001,50,32,,,,,0.405,0.3873015622810071,0.420079952557552,0.4050000000000001,0.3873015622810071,0.420079952557552,0.405,1.7783648044586182,1.6674205171414458,39.81,69.12,36.0225,423.9952764511109
cifar10_SimpleCNN_QNG_42_1752547577,cifar10,SimpleCNN,QNG,42,0.001,50,32,,,,,0.7685,0.7679548406512667,0.7705524390551597,0.7685000000000001,0.7679548406512667,0.7705524390551596,0.7685,0.1377650316040388,1.722211659097443,76.85,77.4,95.648,883.0019278526306
cifar10_SimpleCNN_SGD_1337_1750293852,cifar10,SimpleCNN,SGD,1337,0.001,50,32,0.9,,,,0.7497,0.7487308610791815,0.7512837272332977,0.7497,0.7487308610791814,0.7512837272332976,0.7497,0.7909526623010635,0.8949485925820689,72.79,74.63,74.5175,422.8941786289215
cifar10_SimpleCNN_SGD_1337_1750295537,cifar10,SimpleCNN,SGD,1337,0.001,50,32,0.9,,,,0.1,0.0181818181818181,0.01,0.1,0.0181818181818181,0.01,0.1,2.3091128324508667,2.3098929552986216,9.76,21.54,10.235,424.8800756931305
cifar10_SimpleCNN_SGD_1337_1750297229,cifar10,SimpleCNN,SGD,1337,0.001,50,32,0.9,,,,0.8174,0.8165009963471285,0.8175065086655877,0.8173999999999999,0.8165009963471284,0.8175065086655878,0.8174,0.3407947758615017,0.6179709359765434,80.06,80.14,87.9075,423.1373553276062
cifar10_SimpleCNN_SGD_1337_1750298922,cifar10,SimpleCNN,SGD,1337,0.001,50,32,0.9,,,,0.75,0.7490101251216472,0.751307741771748,0.75,0.7490101251216472,0.7513077417717479,0.75,0.7971961645603179,0.8948054789735106,72.43,75.13,74.4875,428.2427885532379
cifar10_SimpleCNN_SGD_1337_1750300496,cifar10,SimpleCNN,SGD,1337,0.001,50,32,0.9,,,,0.6508,0.6464906411901538,0.6455268472498257,0.6507999999999999,0.6464906411901538,0.6455268472498257,0.6508,1.0532662820339205,1.0325392560836988,64.0,64.0,62.7525,424.3932285308838
cifar10_SimpleCNN_SGD_1337_1750302071,cifar10,SimpleCNN,SGD,1337,0.001,50,32,0.9,,,,0.8159,0.8153804058986933,0.8166799102203119,0.8158999999999998,0.8153804058986932,0.816679910220312,0.8159,0.3395382072746754,0.6405443798619718,79.3,80.01,87.935,425.7129175662994
cifar10_SimpleCNN_SGD_1337_1752537514,cifar10,SimpleCNN,SGD,1337,0.001,50,32,0.9,,,,0.7727,0.7732301444453047,0.7786265270309032,0.7727,0.7732301444453047,0.7786265270309031,0.7727,0.0777633566786526,1.0837747232792097,77.27,78.15,97.356,866.9663391113281
cifar10_SimpleCNN_SGD_2025_1750294415,cifar10,SimpleCNN,SGD,2025,0.001,50,32,0.9,,,,0.7421,0.7427852681156051,0.7514855303612764,0.7421,0.7427852681156052,0.7514855303612764,0.7421,0.8012424590706825,0.8743611305666427,73.06,75.67,74.4925,421.68528938293457
cifar10_SimpleCNN_SGD_2025_1750296101,cifar10,SimpleCNN,SGD,2025,0.001,50,32,0.9,,,,0.1,0.0181818181818181,0.01,0.1,0.0181818181818181,0.01,0.1,,,10.0,22.72,10.0,425.8918116092682
cifar10_SimpleCNN_SGD_2025_1750297793,cifar10,SimpleCNN,SGD,2025,0.001,50,32,0.9,,,,0.8108,0.8106469864455553,0.8154713865088338,0.8107999999999999,0.8106469864455553,0.8154713865088337,0.8108,0.3437795677602291,0.6085835401052103,80.51,80.51,87.7825,422.95403361320496
cifar10_SimpleCNN_SGD_2025_1750299488,cifar10,SimpleCNN,SGD,2025,0.001,50,32,0.9,,,,0.7529,0.7535691040940298,0.7571091362729494,0.7529,0.7535691040940299,0.7571091362729494,0.7529,0.7844858824253083,0.8536560751569157,72.79,75.57,74.835,424.9962320327759
cifar10_SimpleCNN_SGD_2025_1750301059,cifar10,SimpleCNN,SGD,2025,0.001,50,32,0.9,,,,0.6411,0.6363257211646907,0.6412680447099076,0.6411,0.6363257211646908,0.6412680447099076,0.6411,1.0432236966133115,1.0318491870222,64.27,64.27,63.435,421.9128596782684
cifar10_SimpleCNN_SGD_2025_1750302635,cifar10,SimpleCNN,SGD,2025,0.001,50,32,0.9,,,,0.8134,0.8116597571103034,0.8131376962311645,0.8134,0.8116597571103035,0.8131376962311644,0.8134,0.3432129574537277,0.6117974214565259,79.95,80.56,87.795,424.5022873878479
cifar10_SimpleCNN_SGD_2025_1752538415,cifar10,SimpleCNN,SGD,2025,0.001,50,32,0.9,,,,0.7821,0.7823035043790175,0.7831742890959471,0.7821,0.7823035043790175,0.783174289095947,0.7821,0.082693576181137,1.0056836937372675,78.21,78.48,97.15,849.5607962608337
cifar10_SimpleCNN_SGD_42_1750293295,cifar10,SimpleCNN,SGD,42,0.001,50,32,0.9,,,,0.7497,0.7503187260984012,0.7543061127106905,0.7496999999999999,0.7503187260984013,0.7543061127106905,0.7497,0.7995651628613472,0.893968365253351,73.02,75.06,74.1925,416.600138425827
cifar10_SimpleCNN_SGD_42_1750294976,cifar10,SimpleCNN,SGD,42,0.001,50,32,0.9,,,,0.1,0.0181818181818181,0.01,0.1,0.0181818181818181,0.01,0.1,2.310018957710266,2.313256678108971,9.98,10.35,9.9,422.1568193435669
cifar10_SimpleCNN_SGD_42_1750296665,cifar10,SimpleCNN,SGD,42,0.001,50,32,0.9,,,,0.811,0.8101492103149776,0.8103795353497615,0.8109999999999999,0.8101492103149777,0.8103795353497615,0.811,0.352609605884552,0.6154041475952624,79.87,80.32,87.5525,423.4535038471222
cifar10_SimpleCNN_SGD_42_1750298357,cifar10,SimpleCNN,SGD,42,0.001,50,32,0.9,,,,0.7497,0.7500484406794685,0.7551503395123731,0.7496999999999999,0.7500484406794686,0.7551503395123731,0.7497,0.7921851922154427,0.8703970803429906,73.14,75.95,74.345,424.0611889362335
cifar10_SimpleCNN_SGD_42_1750299933,cifar10,SimpleCNN,SGD,42,0.001,50,32,0.9,,,,0.6473,0.6419464556351575,0.6428704731799807,0.6473000000000001,0.6419464556351575,0.6428704731799806,0.6473,1.042831352853775,1.007340590222575,64.63,64.63,63.1525,424.1576833724976
cifar10_SimpleCNN_SGD_42_1750301502,cifar10,SimpleCNN,SGD,42,0.001,50,32,0.9,,,,0.8093,0.8083696412049196,0.8092653093094289,0.8093,0.8083696412049196,0.8092653093094289,0.8093,0.3503397522181272,0.6160970417360148,79.95,80.24,87.6125,429.775486946106
cifar10_SimpleCNN_SPSA_123_1752336017,cifar10,SimpleCNN,SPSA,123,0.001,50,32,,,0.1,0.01,0.6558,0.6487196392294121,0.6579883199848148,0.6557999999999999,0.648719639229412,0.6579883199848148,0.6558,1.3601660184652775,0.9795113607717398,65.58,65.58,50.218,26.688760995864868
cifar10_SimpleCNN_SPSA_1337_1750313996,cifar10,SimpleCNN,SPSA,1337,0.001,50,32,,,0.1,0.01,0.1,0.0181818181818181,0.01,0.1,0.0181818181818181,0.01,0.1,,,10.04,10.04,9.99,425.1897039413452
cifar10_SimpleCNN_SPSA_1337_1750315688,cifar10,SimpleCNN,SPSA,1337,0.001,50,32,,,0.1,0.01,0.1,0.0181818181818181,0.01,0.1,0.0181818181818181,0.01,0.1,,,10.04,12.08,9.99,420.30234003067017
cifar10_SimpleCNN_SPSA_1337_1752545743,cifar10,SimpleCNN,SPSA,1337,0.001,50,32,,,0.1,0.01,0.7521,0.7535773989171457,0.7569257653318087,0.7520999999999999,0.7535773989171457,0.7569257653318088,0.7521,0.143049716992681,1.7311647896187754,75.21,76.62,95.562,889.752908706665
cifar10_SimpleCNN_SPSA_2025_1750314558,cifar10,SimpleCNN,SPSA,2025,0.001,50,32,,,0.1,0.01,0.1,0.0181818181818181,0.01,0.1,0.0181818181818181,0.01,0.1,,,10.0,10.0,10.0,420.7300107479096
cifar10_SimpleCNN_SPSA_2025_1750316247,cifar10,SimpleCNN,SPSA,2025,0.001,50,32,,,0.1,0.01,0.1,0.0181818181818181,0.01,0.1,0.0181818181818181,0.01,0.1,,,10.0,14.97,10.0,423.6114070415497
cifar10_SimpleCNN_SPSA_2025_1752546663,cifar10,SimpleCNN,SPSA,2025,0.001,50,32,,,0.1,0.01,0.7568,0.7551228830460982,0.7577884411497503,0.7567999999999999,0.7551228830460981,0.7577884411497504,0.7568,0.1518333038577055,1.6750304775116165,75.68,77.09,95.232,884.0277247428894
cifar10_SimpleCNN_SPSA_42_1750313434,cifar10,SimpleCNN,SPSA,42,0.001,50,32,,,0.1,0.01,0.1,0.0181818181818181,0.01,0.1,0.0181818181818181,0.01,0.1,,,9.73,9.73,10.0675,424.93964409828186
cifar10_SimpleCNN_SPSA_42_1750315130,cifar10,SimpleCNN,SPSA,42,0.001,50,32,,,0.1,0.01,0.1,0.0181818181818181,0.01,0.1,0.0181818181818181,0.01,0.1,,,9.73,9.73,10.0675,420.1324133872986
cifar10_SimpleCNN_SPSA_42_1752335925,cifar10,SimpleCNN,SPSA,42,0.001,50,32,,,0.1,0.01,0.6155,0.6164325453894788,0.6413958599194771,0.6155,0.6164325453894789,0.6413958599194771,0.6155,1.4068543718018292,1.0807705346387797,61.55,61.55,48.344,30.67557024955749
cifar10_SimpleCNN_SPSA_42_1752544827,cifar10,SimpleCNN,SPSA,42,0.001,50,32,,,0.1,0.01,0.7687,0.7691153814673848,0.7699580514398855,0.7687,0.7691153814673849,0.7699580514398855,0.7687,0.1424714042763146,1.625262817302451,76.87,77.07,95.406,886.3869528770447
fashion_mnist_ResNet18_AdamW_1337_1751068641,fashion_mnist,ResNet18,AdamW,1337,0.001,50,32,,0.01,,,0.895,0.8961264791493446,0.9007317903977105,0.8950000000000001,0.8961264791493444,0.9007317903977102,0.895,0.0229040270301338,0.4610256443383793,90.16666666666669,91.53333333333332,99.24166666666666,1228.9199857711792
fashion_mnist_ResNet18_AdamW_1337_1751070023,fashion_mnist,ResNet18,AdamW,1337,0.001,50,32,,0.01,,,0.8954,0.896866336010031,0.9033357082077188,0.8954000000000001,0.8968663360100309,0.9033357082077188,0.8954,0.1473820382468402,0.297593914921085,89.66666666666667,90.98333333333332,94.59375,1229.1033430099487
fashion_mnist_ResNet18_AdamW_2025_1751071404,fashion_mnist,ResNet18,AdamW,2025,0.001,50,32,,0.01,,,0.9076,0.9074795826058496,0.907742313302474,0.9076,0.9074795826058496,0.907742313302474,0.9076,0.0240343612837338,0.4344656798721601,90.80833333333334,91.45833333333331,99.19791666666669,1229.1424202919006
fashion_mnist_ResNet18_AdamW_2025_1751357431,fashion_mnist,ResNet18,AdamW,2025,0.001,50,32,,0.01,,,0.9041,0.9040668752478972,0.9045994008437604,0.9041,0.9040668752478972,0.9045994008437604,0.9041,0.1477497728851934,0.2727969062825044,90.76666666666668,91.23333333333332,94.50416666666666,1249.0307137966156
fashion_mnist_ResNet18_AdamW_42_1751065878,fashion_mnist,ResNet18,AdamW,42,0.001,50,32,,0.01,,,0.9044,0.9047643993745752,0.9056742198509354,0.9044,0.9047643993745752,0.9056742198509355,0.9044,0.0253230820645379,0.4333473690439326,91.14166666666668,91.625,99.15625,1228.9088640213013
fashion_mnist_ResNet18_AdamW_42_1751067260,fashion_mnist,ResNet18,AdamW,42,0.001,50,32,,0.01,,,0.8929,0.8935892985016073,0.8974799055038106,0.8929,0.8935892985016073,0.8974799055038105,0.8929,0.1488721389298637,0.3184335550715526,89.83333333333333,91.28333333333332,94.45208333333332,1229.495842218399
fashion_mnist_ResNet18_Adam_1337_1751063142,fashion_mnist,ResNet18,Adam,1337,0.001,50,32,,,,,0.9033,0.9034124935841742,0.9037214376188232,0.9033,0.9034124935841744,0.9037214376188232,0.9033,0.0140281549779162,0.5280575857657629,91.23333333333332,91.69166666666666,99.5625,1206.2229070663452
fashion_mnist_ResNet18_Adam_2025_1751064496,fashion_mnist,ResNet18,Adam,2025,0.001,50,32,,,,,0.906,0.9057196748666309,0.9070437974512278,0.906,0.9057196748666309,0.9070437974512277,0.906,0.0136873194920828,0.5355382674959256,91.025,91.6,99.58125,1205.9467623233795
fashion_mnist_ResNet18_Adam_42_1750981523,fashion_mnist,ResNet18,Adam,42,0.001,50,32,,,,,0.9097,0.909275466539722,0.9093556289875568,0.9097000000000002,0.909275466539722,0.9093556289875568,0.9097,0.0172863251115656,0.4880290793712289,91.30833333333334,91.70833333333331,99.46041666666666,1234.0542414188385
fashion_mnist_ResNet18_QNG_1337_1751360311,fashion_mnist,ResNet18,QNG,1337,0.001,50,32,,,,,0.9017,0.9014370583488456,0.902472370199298,0.9017,0.9014370583488456,0.9024723701992978,0.9017,0.0999879999821694,0.690844089773794,90.26666666666668,91.38333333333334,97.56666666666666,1290.9448113441467
fashion_mnist_ResNet18_QNG_2025_1751361771,fashion_mnist,ResNet18,QNG,2025,0.001,50,32,,,,,0.8959,0.8957792504559354,0.8977257607209552,0.8958999999999999,0.8957792504559353,0.8977257607209551,0.8959,0.1231565561721598,39.32885266824594,89.83333333333333,90.50833333333334,97.30833333333334,1288.6151678562164
fashion_mnist_ResNet18_QNG_42_1751358853,fashion_mnist,ResNet18,QNG,42,0.001,50,32,,,,,0.901,0.9019567629907488,0.9035574878691032,0.901,0.9019567629907488,0.9035574878691032,0.901,0.0944629721821286,0.9744435834946732,91.21666666666668,91.44166666666666,97.57708333333332,1291.0754935741425
fashion_mnist_ResNet18_SGD_1337_1750976597,fashion_mnist,ResNet18,SGD,1337,0.001,50,32,0.9,,,,0.9128,0.9124979163609568,0.9123168882911546,0.9127999999999998,0.9124979163609568,0.9123168882911548,0.9128,0.0072806970891222,0.5419663150530153,91.80833333333334,91.94166666666666,99.75416666666666,1051.865557193756
fashion_mnist_ResNet18_SGD_1337_1750977798,fashion_mnist,ResNet18,SGD,1337,0.001,50,32,0.9,,,,0.9047,0.904854515729016,0.90513065331533,0.9047,0.9048545157290162,0.90513065331533,0.9047,0.0269226056212307,0.5579861063559074,90.88333333333334,91.15,99.025,1110.8480360507965
fashion_mnist_ResNet18_SGD_1337_1752469740,fashion_mnist,ResNet18,SGD,1337,0.001,50,32,0.9,,,,0.9133,0.9130067647172802,0.9130273460321372,0.9133,0.91300676471728,0.9130273460321372,0.9133,0.0033368650463996,0.5837340514988641,91.33,91.33,99.905,1693.8470170497894
fashion_mnist_ResNet18_SGD_1337_1752471465,fashion_mnist,ResNet18,SGD,1337,0.001,50,32,0.9,,,,0.9134,0.9134669574362432,0.9136414038226418,0.9134,0.9134669574362432,0.9136414038226418,0.9134,0.0092605104429592,0.5510884145749068,91.34,92.07,99.71833333333332,1767.1347105503082
fashion_mnist_ResNet18_SGD_1337_1752473262,fashion_mnist,ResNet18,SGD,1337,0.001,50,32,0.9,,,,0.8828,0.8829399769099288,0.8832146640159863,0.8827999999999999,0.8829399769099289,0.8832146640159863,0.8828,0.0072687377477433,0.6014287974655675,88.28,88.67,99.81666666666666,1687.9405853748322
fashion_mnist_ResNet18_SGD_1337_1752474983,fashion_mnist,ResNet18,SGD,1337,0.001,50,32,0.9,,,,0.9118,0.911563138097009,0.9115709664537214,0.9117999999999998,0.911563138097009,0.9115709664537216,0.9118,0.0038798032780151,0.575145773683199,91.18,91.18,99.89,1762.7588222026825
fashion_mnist_ResNet18_SGD_2025_1750979060,fashion_mnist,ResNet18,SGD,2025,0.001,50,32,0.9,,,,0.9147,0.914524232504928,0.914659007436019,0.9146999999999998,0.914524232504928,0.914659007436019,0.9147,0.0037806801442028,0.5427335351588748,91.98333333333332,91.98333333333332,99.87916666666666,1051.00843000412
fashion_mnist_ResNet18_SGD_2025_1750980261,fashion_mnist,ResNet18,SGD,2025,0.001,50,32,0.9,,,,0.9052,0.9052001110195246,0.9055332188545484,0.9052,0.9052001110195248,0.9055332188545484,0.9052,0.0255570569129122,0.4799856672053769,91.025,91.175,99.08541666666666,1109.5505239963531
fashion_mnist_ResNet18_SGD_2025_1752476777,fashion_mnist,ResNet18,SGD,2025,0.001,50,32,0.9,,,,0.9078,0.9062765506829548,0.9083417649575904,0.9078,0.9062765506829548,0.9083417649575906,0.9078,0.0080638408990647,0.6129320313567861,90.78,91.29,99.73666666666666,1685.1157772541046
fashion_mnist_ResNet18_SGD_42_1750974102,fashion_mnist,ResNet18,SGD,42,0.001,50,32,0.9,,,,0.9091,0.909412660489292,0.9101691244453504,0.9091,0.909412660489292,0.9101691244453504,0.9091,0.0084622318084025,0.5506810081646933,91.18333333333334,91.85833333333332,99.72916666666669,1049.4093208312988
fashion_mnist_ResNet18_SGD_42_1750975335,fashion_mnist,ResNet18,SGD,42,0.001,50,32,0.9,,,,0.9064,0.9068756502073676,0.9088511487210926,0.9064,0.9068756502073676,0.9088511487210926,0.9064,0.0365379527505817,0.5043124776988794,91.19166666666666,91.86666666666666,98.67083333333332,1109.5041830539703
fashion_mnist_ResNet18_SGD_42_1752462689,fashion_mnist,ResNet18,SGD,42,0.001,50,32,0.9,,,,0.9047,0.9039555743258704,0.9050870058615664,0.9047,0.90395557432587,0.9050870058615664,0.9047,0.0110245724165627,0.5956304624828168,90.47,91.13,99.63,1697.21994972229
fashion_mnist_ResNet18_SGD_42_1752464416,fashion_mnist,ResNet18,SGD,42,0.001,50,32,0.9,,,,0.9194,0.9187753726212712,0.9189211064103532,0.9194,0.9187753726212712,0.9189211064103536,0.9194,0.008389226522298,0.5393631709512221,91.94,91.94,99.72166666666666,1767.2705948352814
fashion_mnist_ResNet18_SGD_42_1752466213,fashion_mnist,ResNet18,SGD,42,0.001,50,32,0.9,,,,0.8859,0.8854112252877038,0.8853653932703839,0.8858999999999998,0.8854112252877036,0.8853653932703839,0.8859,0.0080048154348895,0.5957104991065165,88.59,88.73,99.77166666666666,1694.73117852211
fashion_mnist_ResNet18_SGD_42_1752467939,fashion_mnist,ResNet18,SGD,42,0.001,50,32,0.9,,,,0.9075,0.9071159280984394,0.907076369095532,0.9075,0.9071159280984392,0.907076369095532,0.9075,0.0085573497013144,0.5435868999695765,90.75,91.28,99.70833333333331,1769.8796689510343
fashion_mnist_ResNet18_SPSA_1337_1751727196,fashion_mnist,ResNet18,SPSA,1337,0.001,50,32,,,0.1,0.01,0.1125,0.0404591644551691,0.0348949170791853,0.1125,0.0404591644551691,0.0348949170791853,0.1125,3120771115153096.5,3115811025910934.0,10.925,11.45,11.139583333333333,1591.9050767421722
fashion_mnist_ResNet18_SPSA_1337_1751728937,fashion_mnist,ResNet18,SPSA,1337,0.001,50,32,,,0.1,0.01,0.5712,0.5668965515770505,0.5654104271683952,0.5711999999999999,0.5668965515770504,0.5654104271683954,0.5712,7.992686747868856,7.27927453549703,57.56666666666667,57.56666666666667,54.4125,1591.1354565620422
fashion_mnist_ResNet18_SPSA_2025_1751730673,fashion_mnist,ResNet18,SPSA,2025,0.001,50,32,,,0.1,0.01,0.096,0.0397471295102734,0.0651748908146377,0.096,0.0397471295102734,0.0651748908146377,0.096,233880532530058.6,235352016869305.0,9.641666666666667,10.3,9.825,1576.56724524498
fashion_mnist_ResNet18_SPSA_2025_1751732394,fashion_mnist,ResNet18,SPSA,2025,0.001,50,32,,,0.1,0.01,0.5791,0.5760392236622287,0.5774124885020484,0.5791,0.5760392236622287,0.5774124885020484,0.5791,8.966210002740224,8.408475547472635,57.74166666666667,57.74166666666667,55.75,1600.6944839954376
fashion_mnist_ResNet18_SPSA_42_1751374964,fashion_mnist,ResNet18,SPSA,42,0.001,50,32,,,0.1,0.01,0.0997,0.0450571813792787,0.1049801512698607,0.0997,0.0450571813792787,0.1049801512698607,0.0997,2341515347122017.0,2324461561087437.0,10.166666666666666,11.233333333333333,10.310416666666669,3555.4283821582794
fashion_mnist_SimpleCNN_AdamW_1337_1750331156,fashion_mnist,SimpleCNN,AdamW,1337,0.001,50,32,,0.01,,,0.9118,0.9114852079230044,0.9116082981839704,0.9118,0.9114852079230044,0.9116082981839704,0.9118,0.0400370415458899,0.4706317473761737,91.85,92.00833333333334,98.65208333333334,315.5689759254456
fashion_mnist_SimpleCNN_AdamW_1337_1750332488,fashion_mnist,SimpleCNN,AdamW,1337,0.001,50,32,,0.01,,,0.9115,0.9109633807332504,0.9108843876480984,0.9115,0.9109633807332502,0.9108843876480984,0.9115,0.0492607948781315,0.6405066628486772,91.78333333333332,92.18333333333334,98.52083333333331,313.2454242706299
fashion_mnist_SimpleCNN_AdamW_1337_1750333824,fashion_mnist,SimpleCNN,AdamW,1337,0.001,50,32,,0.01,,,0.9185,0.9182914339406908,0.9183127660640092,0.9185,0.9182914339406903,0.918312766064009,0.9185,0.0227535555684457,0.4982610734738215,92.21666666666668,92.45833333333331,99.20833333333331,313.7284531593323
fashion_mnist_SimpleCNN_AdamW_1337_1750335151,fashion_mnist,SimpleCNN,AdamW,1337,0.001,50,32,,0.01,,,0.9159,0.915447238194463,0.9153576786949056,0.9159,0.9154472381944628,0.9153576786949056,0.9159,0.0214835372038036,0.6285741220773974,91.88333333333334,92.55,99.275,311.1229612827301
fashion_mnist_SimpleCNN_AdamW_2025_1750331600,fashion_mnist,SimpleCNN,AdamW,2025,0.001,50,32,,0.01,,,0.9104,0.9092311564110932,0.9104593539506748,0.9104,0.9092311564110932,0.9104593539506748,0.9104,0.041611096250179,0.5412025854613942,91.53333333333332,92.30833333333334,98.56041666666668,314.65800309181213
fashion_mnist_SimpleCNN_AdamW_2025_1750332931,fashion_mnist,SimpleCNN,AdamW,2025,0.001,50,32,,0.01,,,0.9134,0.9137398170472316,0.914251976322538,0.9134,0.9137398170472316,0.914251976322538,0.9134,0.0443275800266627,0.6579230935184363,91.50833333333334,92.33333333333331,98.61875,312.5038411617279
fashion_mnist_SimpleCNN_AdamW_2025_1750334267,fashion_mnist,SimpleCNN,AdamW,2025,0.001,50,32,,0.01,,,0.9134,0.9124587012859084,0.9134831279816558,0.9134,0.9124587012859084,0.9134831279816558,0.9134,0.0207545591435117,0.5020180591692139,92.125,92.225,99.32291666666669,312.7750871181488
fashion_mnist_SimpleCNN_AdamW_2025_1750335591,fashion_mnist,SimpleCNN,AdamW,2025,0.001,50,32,,0.01,,,0.9126,0.9122997535090668,0.9124444832957276,0.9126,0.9122997535090668,0.9124444832957276,0.9126,0.0212340298747268,0.6824383213787417,91.85833333333332,92.3,99.24791666666668,316.4568612575531
fashion_mnist_SimpleCNN_AdamW_42_1750330713,fashion_mnist,SimpleCNN,AdamW,42,0.001,50,32,,0.01,,,0.9094,0.9099570126768136,0.9109519573357232,0.9094,0.9099570126768136,0.9109519573357232,0.9094,0.0406084916015073,0.5218556250435455,91.675,92.28333333333332,98.56458333333332,313.2006096839905
fashion_mnist_SimpleCNN_AdamW_42_1750332044,fashion_mnist,SimpleCNN,AdamW,42,0.001,50,32,,0.01,,,0.916,0.9159219351721032,0.916084739964588,0.916,0.9159219351721032,0.916084739964588,0.916,0.0408371725487166,0.7330640614597869,91.725,92.26666666666668,98.71041666666666,312.89023065567017
fashion_mnist_SimpleCNN_AdamW_42_1750333373,fashion_mnist,SimpleCNN,AdamW,42,0.001,50,32,,0.01,,,0.916,0.9155613831474444,0.9157132228485289,0.916,0.9155613831474444,0.9157132228485289,0.916,0.0217953691275441,0.5037063202938686,92.09166666666668,92.575,99.21875,317.5326507091522
fashion_mnist_SimpleCNN_AdamW_42_1750334710,fashion_mnist,SimpleCNN,AdamW,42,0.001,50,32,,0.01,,,0.9155,0.915863269192457,0.91662687144218,0.9155,0.915863269192457,0.9166268714421798,0.9155,0.0239275368978417,0.6232359239974661,92.1,92.43333333333334,99.25416666666666,311.73887872695923
fashion_mnist_SimpleCNN_Adam_1337_1750328427,fashion_mnist,SimpleCNN,Adam,1337,0.001,50,32,,,,,0.9088,0.9083393867774392,0.9086178624524364,0.9088,0.9083393867774392,0.9086178624524364,0.9088,0.0538809187512683,0.6795940093949903,91.03333333333332,92.26666666666668,98.42291666666668,318.5945672988892
fashion_mnist_SimpleCNN_Adam_1337_1750329764,fashion_mnist,SimpleCNN,Adam,1337,0.001,50,32,,,,,0.9155,0.9156842682873954,0.916307180092119,0.9155,0.9156842682873954,0.9163071800921188,0.9155,0.0225974430681594,0.6359462219839722,91.96666666666668,92.475,99.25416666666666,313.7267060279846
fashion_mnist_SimpleCNN_Adam_2025_1750328874,fashion_mnist,SimpleCNN,Adam,2025,0.001,50,32,,,,,0.912,0.9117274386314598,0.912022702733988,0.912,0.9117274386314596,0.912022702733988,0.912,0.0516888643998519,0.7017282785686354,91.93333333333334,92.275,98.46666666666668,315.7446343898773
fashion_mnist_SimpleCNN_Adam_2025_1750330269,fashion_mnist,SimpleCNN,Adam,2025,0.001,50,32,,,,,0.9168,0.91669943272316,0.916756837191702,0.9168,0.91669943272316,0.9167568371917016,0.9168,0.0250839779319358,0.6567572470395923,91.69166666666666,92.275,99.20416666666668,314.2871098518372
fashion_mnist_SimpleCNN_Adam_42_1750327984,fashion_mnist,SimpleCNN,Adam,42,0.001,50,32,,,,,0.9116,0.9113411578282566,0.9114315668265136,0.9116,0.9113411578282568,0.9114315668265136,0.9116,0.047470803433004,0.7255804673235834,91.775,92.125,98.61458333333331,313.3163857460022
fashion_mnist_SimpleCNN_Adam_42_1750329320,fashion_mnist,SimpleCNN,Adam,42,0.001,50,32,,,,,0.9149,0.9150474143649054,0.9153969573888936,0.9149,0.9150474143649052,0.9153969573888936,0.9149,0.0252982915953046,0.7483360427407703,91.66666666666669,92.33333333333331,99.17708333333331,314.8321235179901
fashion_mnist_SimpleCNN_QNG_1337_1750339539,fashion_mnist,SimpleCNN,QNG,1337,0.001,50,32,,,,,0.1,0.0181818181818181,0.01,0.1,0.0181818181818181,0.01,0.1,2.3039789004325866,2.303615277608236,9.708333333333334,79.0,9.927083333333334,327.7330658435821
fashion_mnist_SimpleCNN_QNG_1337_1750340909,fashion_mnist,SimpleCNN,QNG,1337,0.001,50,32,,,,,0.8176,0.8167295544402308,0.8208462391871743,0.8176,0.8167295544402309,0.8208462391871745,0.8176,0.5761774056901534,0.5289887362718582,82.5,89.68333333333334,82.54583333333333,325.9738357067108
fashion_mnist_SimpleCNN_QNG_2025_1750339997,fashion_mnist,SimpleCNN,QNG,2025,0.001,50,32,,,,,0.1,0.0181818181818181,0.01,0.1,0.0181818181818181,0.01,0.1,2.3038366306622824,2.304535643259684,9.583333333333334,80.0,9.972916666666666,326.8088858127594
fashion_mnist_SimpleCNN_QNG_2025_1750341366,fashion_mnist,SimpleCNN,QNG,2025,0.001,50,32,,,,,0.8233,0.8206649210144906,0.8231838841883731,0.8233,0.8206649210144906,0.823183884188373,0.8233,0.5737185569902261,0.6042319638530413,83.2,89.86666666666666,82.15625,330.52417826652527
fashion_mnist_SimpleCNN_QNG_42_1750339080,fashion_mnist,SimpleCNN,QNG,42,0.001,50,32,,,,,0.1,0.0181818181818181,0.01,0.1,0.0181818181818181,0.01,0.1,2.303971355279286,2.303519475936889,10.2,80.6,9.9375,329.1248517036438
fashion_mnist_SimpleCNN_QNG_42_1750340453,fashion_mnist,SimpleCNN,QNG,42,0.001,50,32,,,,,0.8445,0.8430186590599755,0.844663098410798,0.8445,0.8430186590599754,0.844663098410798,0.8445,0.5583882244328657,0.8802160267531872,85.23333333333333,89.84166666666667,82.425,326.438285112381
fashion_mnist_SimpleCNN_SGD_1337_1750320626,fashion_mnist,SimpleCNN,SGD,1337,0.001,50,32,0.9,,,,0.9079,0.9080483585994092,0.9082892878530792,0.9079,0.908048358599409,0.9082892878530792,0.9079,0.0681664548470902,0.5167974076340907,91.45,92.225,97.80625,307.24687242507935
fashion_mnist_SimpleCNN_SGD_1337_1750321939,fashion_mnist,SimpleCNN,SGD,1337,0.001,50,32,0.9,,,,0.1,0.0181818181818181,0.01,0.1,0.0181818181818181,0.01,0.1,2.309841091791789,2.310878400166829,9.708333333333334,67.7,9.95625,310.72936511039734
fashion_mnist_SimpleCNN_SGD_1337_1750323258,fashion_mnist,SimpleCNN,SGD,1337,0.001,50,32,0.9,,,,0.9166,0.9156485700487946,0.9173755826906094,0.9166,0.9156485700487949,0.9173755826906094,0.9166,0.0922470182140047,0.2497121299343804,92.28333333333332,92.55833333333334,96.61458333333331,307.87141847610474
fashion_mnist_SimpleCNN_SGD_1337_1750324576,fashion_mnist,SimpleCNN,SGD,1337,0.001,50,32,0.9,,,,0.9119,0.911510366529838,0.9119429465648226,0.9119,0.9115103665298382,0.9119429465648226,0.9119,0.0498707507734097,0.5699684019021612,91.78333333333332,92.43333333333334,98.30208333333331,310.3538999557495
fashion_mnist_SimpleCNN_SGD_1337_1750325778,fashion_mnist,SimpleCNN,SGD,1337,0.001,50,32,0.9,,,,0.8754,0.8741411389824327,0.8760099266314232,0.8754000000000002,0.8741411389824327,0.8760099266314232,0.8754,0.3256351046661536,0.3244672235051791,88.33333333333333,88.49166666666666,88.25,309.629031419754
fashion_mnist_SimpleCNN_SGD_1337_1750327101,fashion_mnist,SimpleCNN,SGD,1337,0.001,50,32,0.9,,,,0.9203,0.9197924374831244,0.9197606843130448,0.9203,0.9197924374831242,0.9197606843130448,0.9203,0.093005737828246,0.2344925395064055,92.55833333333334,92.575,96.44583333333334,312.8648114204407
fashion_mnist_SimpleCNN_SGD_2025_1750321063,fashion_mnist,SimpleCNN,SGD,2025,0.001,50,32,0.9,,,,0.9088,0.9087719576996326,0.9093809257839162,0.9088,0.9087719576996326,0.9093809257839164,0.9088,0.0502788706114879,0.5181916887953024,91.59166666666668,92.05,98.32291666666669,306.8492612838745
fashion_mnist_SimpleCNN_SGD_2025_1750322380,fashion_mnist,SimpleCNN,SGD,2025,0.001,50,32,0.9,,,,0.1,0.0181818181818181,0.01,0.1,0.0181818181818181,0.01,0.1,2.309145747820536,2.310172388712565,10.058333333333334,10.333333333333334,9.929166666666667,310.2762508392334
fashion_mnist_SimpleCNN_SGD_2025_1750323695,fashion_mnist,SimpleCNN,SGD,2025,0.001,50,32,0.9,,,,0.9167,0.9172469863590894,0.918471916869364,0.9167,0.9172469863590892,0.9184719168693638,0.9167,0.0960341561585664,0.2496618994039793,92.01666666666668,92.1,96.40208333333334,309.58171701431274
fashion_mnist_SimpleCNN_SGD_2025_1750324897,fashion_mnist,SimpleCNN,SGD,2025,0.001,50,32,0.9,,,,0.9041,0.9038553569706088,0.9058856161631016,0.9041,0.9038553569706088,0.9058856161631016,0.9041,0.0535475353682166,0.5497540421602898,91.025,92.11666666666666,98.21458333333334,310.731880903244
fashion_mnist_SimpleCNN_SGD_2025_1750326218,fashion_mnist,SimpleCNN,SGD,2025,0.001,50,32,0.9,,,,0.8744,0.874559371154864,0.8750029867770834,0.8744000000000002,0.8745593711548638,0.8750029867770834,0.8744,0.3400602828115225,0.325266163110733,88.2,88.2,87.575,313.8939816951752
fashion_mnist_SimpleCNN_SGD_2025_1750327543,fashion_mnist,SimpleCNN,SGD,2025,0.001,50,32,0.9,,,,0.9186,0.9180623472549874,0.918412085288197,0.9186,0.9180623472549876,0.918412085288197,0.9186,0.0954219656626228,0.2502802479080855,91.93333333333334,92.33333333333331,96.34791666666666,311.4579374790192
fashion_mnist_SimpleCNN_SGD_42_1750320187,fashion_mnist,SimpleCNN,SGD,42,0.001,50,32,0.9,,,,0.9086,0.9073489166412292,0.908496901416854,0.9086,0.9073489166412292,0.908496901416854,0.9086,0.0463377265863104,0.5995559548988968,91.3,92.46666666666668,98.48541666666668,307.73696208000183
fashion_mnist_SimpleCNN_SGD_42_1750321501,fashion_mnist,SimpleCNN,SGD,42,0.001,50,32,0.9,,,,0.1,0.0181818181818181,0.01,0.1,0.0181818181818181,0.01,0.1,2.309986759821574,2.3084561595916746,10.2,66.38333333333334,10.183333333333334,308.3825125694275
fashion_mnist_SimpleCNN_SGD_42_1750322819,fashion_mnist,SimpleCNN,SGD,42,0.001,50,32,0.9,,,,0.9158,0.9147921886529502,0.9159147689785222,0.9158,0.9147921886529502,0.9159147689785224,0.9158,0.0906062247054651,0.2610049355228742,91.98333333333332,92.375,96.575,309.4806458950043
fashion_mnist_SimpleCNN_SGD_42_1750324134,fashion_mnist,SimpleCNN,SGD,42,0.001,50,32,0.9,,,,0.9098,0.9094752315627048,0.9093576844217324,0.9098,0.9094752315627048,0.9093576844217324,0.9098,0.0523835732335601,0.5551207588515245,91.48333333333332,92.31666666666666,98.30625,311.3294634819031
fashion_mnist_SimpleCNN_SGD_42_1750325337,fashion_mnist,SimpleCNN,SGD,42,0.001,50,32,0.9,,,,0.8807,0.8796915919865314,0.8797511175995526,0.8806999999999998,0.8796915919865315,0.8797511175995525,0.8807,0.3221935202777385,0.3187107672095299,88.38333333333334,88.51666666666667,88.22916666666667,310.9019558429718
fashion_mnist_SimpleCNN_SGD_42_1750326661,fashion_mnist,SimpleCNN,SGD,42,0.001,50,32,0.9,,,,0.9165,0.9153301138182744,0.9159439166655496,0.9165,0.9153301138182744,0.9159439166655496,0.9165,0.0928232695388918,0.2522956621370589,92.05,92.50833333333334,96.45,310.66738057136536
fashion_mnist_SimpleCNN_SPSA_1337_1750336566,fashion_mnist,SimpleCNN,SPSA,1337,0.001,50,32,,,0.1,0.01,0.1,0.0181818181818181,0.01,0.1,0.0181818181818181,0.01,0.1,,,10.008333333333333,10.008333333333333,9.997916666666669,398.7055163383484
fashion_mnist_SimpleCNN_SPSA_1337_1750338147,fashion_mnist,SimpleCNN,SPSA,1337,0.001,50,32,,,0.1,0.01,0.1,0.0181818181818181,0.01,0.1,0.0181818181818181,0.01,0.1,,,10.008333333333333,44.31666666666667,9.997916666666669,397.671594619751
fashion_mnist_SimpleCNN_SPSA_2025_1750337093,fashion_mnist,SimpleCNN,SPSA,2025,0.001,50,32,,,0.1,0.01,0.1,0.0181818181818181,0.01,0.1,0.0181818181818181,0.01,0.1,,,10.241666666666667,10.241666666666667,9.939583333333331,396.6897716522217
fashion_mnist_SimpleCNN_SPSA_2025_1750338674,fashion_mnist,SimpleCNN,SPSA,2025,0.001,50,32,,,0.1,0.01,0.1,0.0181818181818181,0.01,0.1,0.0181818181818181,0.01,0.1,,,10.241666666666667,43.141666666666666,9.939583333333331,396.85175228118896
fashion_mnist_SimpleCNN_SPSA_42_1750336037,fashion_mnist,SimpleCNN,SPSA,42,0.001,50,32,,,0.1,0.01,0.1,0.0181818181818181,0.01,0.1,0.0181818181818181,0.01,0.1,,,10.566666666666666,10.566666666666666,9.858333333333333,399.138156414032
fashion_mnist_SimpleCNN_SPSA_42_1750337619,fashion_mnist,SimpleCNN,SPSA,42,0.001,50,32,,,0.1,0.01,0.1,0.0181818181818181,0.01,0.1,0.0181818181818181,0.01,0.1,,,10.566666666666666,52.708333333333336,9.858333333333333,397.4639077186585
cifar100_ResNet18_AdamW_1337_1768262518,cifar100,ResNet18,AdamW,1337,0.001,50,32,,0.01,,,0.4451,0.0,0.0,0.0,0.0,0.0,0.0,0.1309742908510698,3.89571642494811,44.51,46.01,95.688,1921.579973459244
cifar100_ResNet18_AdamW_2025_1768264440,cifar100,ResNet18,AdamW,2025,0.001,50,32,,0.01,,,0.4454,0.0,0.0,0.0,0.0,0.0,0.0,0.1282109406822011,3.805824651504858,44.54,46.53,95.946,1919.071056842804
cifar100_ResNet18_AdamW_42_1768260584,cifar100,ResNet18,AdamW,42,0.001,50,32,,0.01,,,0.4474,0.0,0.0,0.0,0.0,0.0,0.0,0.1242666053353324,3.820384880605216,44.74,46.35,95.932,1933.2685508728027
cifar100_ResNet18_Adam_1337_1768256782,cifar100,ResNet18,Adam,1337,0.001,50,32,,,,,0.4556,0.0,0.0,0.0,0.0,0.0,0.0,0.09774133206314,4.806705213583316,45.56,46.4,96.866,1901.1086926460264
cifar100_ResNet18_Adam_2025_1768258685,cifar100,ResNet18,Adam,2025,0.001,50,32,,,,,0.4463,0.0,0.0,0.0,0.0,0.0,0.0,0.0948922491815404,4.884141990551933,44.63,45.68,96.964,1898.036182641983
cifar100_ResNet18_Adam_42_1768254867,cifar100,ResNet18,Adam,42,0.001,50,32,,,,,0.4501,0.0,0.0,0.0,0.0,0.0,0.0,0.0864192512501877,4.771446992794926,45.01,45.46,97.198,1914.3901188373568
cifar100_ResNet18_SGD_1337_1768268129,cifar100,ResNet18,SGD,1337,0.001,50,32,0.9,,,,0.4457,0.0,0.0,0.0,0.0,0.0,0.0,0.0246788415827415,4.702317233283679,44.57,45.01,99.236,1761.8772027492523
cifar100_ResNet18_SGD_2025_1768269892,cifar100,ResNet18,SGD,2025,0.001,50,32,0.9,,,,0.4359,0.0,0.0,0.0,0.0,0.0,0.0,0.0357174412471924,4.896535897026427,43.59,44.71,98.838,1768.016266822815
cifar100_ResNet18_SGD_42_1768266360,cifar100,ResNet18,SGD,42,0.001,50,32,0.9,,,,0.4353,0.0,0.0,0.0,0.0,0.0,0.0,0.0322383108152911,4.933114808969224,43.53,44.68,98.98,1768.197278022766
cifar100_ResNet18_SPSA_1337_1768273549,cifar100,ResNet18,SPSA,1337,0.001,50,32,,,0.1,0.01,0.3743,0.0,0.0,0.0,0.0,0.0,0.0,0.095795179728117,4.655278139601881,37.43,38.03,96.926,1887.821928024292
cifar100_ResNet18_SPSA_2025_1768275438,cifar100,ResNet18,SPSA,2025,0.001,50,32,,,0.1,0.01,0.367,0.0,0.0,0.0,0.0,0.0,0.0,0.1036880645782985,4.7569248897199055,36.7,37.38,96.706,1881.9544353485107
cifar100_ResNet18_SPSA_42_1768271661,cifar100,ResNet18,SPSA,42,0.001,50,32,,,0.1,0.01,0.3627,0.0,0.0,0.0,0.0,0.0,0.0,0.0974505569355923,4.792248105850463,36.27,37.49,96.846,1887.4171171188357
cifar100_SimpleCNN_QNG_1337_1768277321,cifar100,SimpleCNN,QNG,1337,0.001,50,32,,,,,0.4012,0.0,0.0,0.0,0.0,0.0,0.0,0.8015404815522814,3.913929872238598,40.12,42.9,75.186,942.190929889679
cifar100_SimpleCNN_QNG_2025_1768278264,cifar100,SimpleCNN,QNG,2025,0.001,50,32,,,,,0.4103,0.0,0.0,0.0,0.0,0.0,0.0,0.8288370324245112,3.7482521351153095,41.03,43.92,74.324,962.6673574447632
