run_id,run_name,status,model,dataset,optimizer,seed,lr,momentum,weight_decay,eps,betas,a,c,max_iter,task_type,gpu_name,gpu_available,gpu_count,cpu_count,accuracy,f1_score,precision,recall,roc_auc,rmse,mse,mae,r2_score,training_time
5d7447a7-5d9c-4ec2-92e6-9b7f542ca690,,FINISHED,XGBoost,adults,SGD,42,0.1,,,,,,,,classification,Tesla T4,True,1,8,0.8764459002968574,0.8719146534943544,0.8720653552288408,0.8764459002968574,0.930532815216214,,,,,0.9701087474822998
450199a5-9822-489a-a539-b40a04e6d429,,FINISHED,XGBoost,adults,SGD,42,0.01,,,,,,,,classification,Tesla T4,True,1,8,0.8527996724332071,0.8365179715297537,0.8521137638860754,0.8527996724332071,0.9116324131251886,,,,,0.8778750896453857
d0cafdfa-338d-400c-a225-23a18b17a1bb,,FINISHED,XGBoost,adults,SGD,42,0.001,,,,,,,,classification,Tesla T4,True,1,8,0.7606715119254785,0.6572732564090966,0.5786211490549934,0.7606715119254785,0.8976361251774092,,,,,0.6229631900787354
8adf5b06-3d67-4ec7-ada8-f7c42c6f1a7e,,FINISHED,XGBoost,adults,Adam,42,0.1,,,,,,,,classification,Tesla T4,True,1,8,0.8764459002968574,0.8719146534943544,0.8720653552288408,0.8764459002968574,0.930532815216214,,,,,0.6716070175170898
65b49d41-70df-4e7b-a0ca-34c924e00479,,FINISHED,XGBoost,adults,Adam,42,0.01,,,,,,,,classification,Tesla T4,True,1,8,0.8527996724332071,0.8365179715297537,0.8521137638860754,0.8527996724332071,0.9116324131251886,,,,,0.8043928146362305
1e3e5862-7646-4977-a34f-80acd2d45e91,,FINISHED,XGBoost,adults,Adam,42,0.001,,,,,,,,classification,Tesla T4,True,1,8,0.7606715119254785,0.6572732564090966,0.5786211490549934,0.7606715119254785,0.8976361251774092,,,,,0.6163895130157471
c08a11f3-00c2-4669-b9dc-469fc2514162,,FINISHED,XGBoost,adults,SPSA,42,0.1,,,,,,,,classification,Tesla T4,True,1,8,0.8764459002968574,0.8719146534943544,0.8720653552288408,0.8764459002968574,0.930532815216214,,,,,0.6362974643707275
5367f730-5df9-4469-8ced-b6f48f90ed1b,,FINISHED,XGBoost,adults,SPSA,42,0.01,,,,,,,,classification,Tesla T4,True,1,8,0.8527996724332071,0.8365179715297537,0.8521137638860754,0.8527996724332071,0.9116324131251886,,,,,0.6354835033416748
7d9ceb90-894f-4aeb-a6f1-33ed673f5b65,,FINISHED,XGBoost,adults,QNG,42,0.1,,,,,,,,classification,Tesla T4,True,1,8,0.8764459002968574,0.8719146534943544,0.8720653552288408,0.8764459002968574,0.930532815216214,,,,,0.6468148231506348
38afe456-09bf-43cd-8447-d94674f06ca1,,FINISHED,XGBoost,adults,QNG,42,0.01,,,,,,,,classification,Tesla T4,True,1,8,0.8527996724332071,0.8365179715297537,0.8521137638860754,0.8527996724332071,0.9116324131251886,,,,,0.632150411605835
0fe367e7-4a8b-4093-ad03-2a1964e5e794,,FINISHED,XGBoost,adults,SGD,1337,0.1,,,,,,,,classification,Tesla T4,True,1,8,0.8736820554816256,0.8685604763286596,0.8690314977749569,0.8736820554816256,0.9305731060515798,,,,,0.6275484561920166
8d3b77fe-a32b-4d67-98d8-6f364f4df5f2,,FINISHED,XGBoost,adults,SGD,1337,0.01,,,,,,,,classification,Tesla T4,True,1,8,0.8534138601699253,0.8385140651526612,0.8511027953177458,0.8534138601699253,0.9101354071371646,,,,,0.6542446613311768
a5c4d1a7-92f4-4158-a1c1-f9fcbd7e9ec0,,FINISHED,XGBoost,adults,SGD,1337,0.001,,,,,,,,classification,Tesla T4,True,1,8,0.7606715119254785,0.6572732564090966,0.5786211490549934,0.7606715119254785,0.8962875909177088,,,,,0.6182982921600342
71fd876b-a4a7-4052-a9ed-f1f26343b0a0,,FINISHED,XGBoost,adults,Adam,1337,0.1,,,,,,,,classification,Tesla T4,True,1,8,0.8736820554816256,0.8685604763286596,0.8690314977749569,0.8736820554816256,0.9305731060515798,,,,,0.6575758457183838
568cace5-a81b-4628-89f2-b4ad3b36c31a,,FINISHED,XGBoost,adults,Adam,1337,0.01,,,,,,,,classification,Tesla T4,True,1,8,0.8534138601699253,0.8385140651526612,0.8511027953177458,0.8534138601699253,0.9101354071371646,,,,,0.6360259056091309
11067fcf-8de1-454d-a248-8e51628e9aa4,,FINISHED,XGBoost,adults,Adam,1337,0.001,,,,,,,,classification,Tesla T4,True,1,8,0.7606715119254785,0.6572732564090966,0.5786211490549934,0.7606715119254785,0.8962875909177088,,,,,0.6217565536499023
d33ef8fd-b686-418b-ae5f-14af58a1cc43,,FINISHED,XGBoost,adults,SPSA,1337,0.1,,,,,,,,classification,Tesla T4,True,1,8,0.8736820554816256,0.8685604763286596,0.8690314977749569,0.8736820554816256,0.9305731060515798,,,,,0.6282186508178711
cb9cd017-3de5-4efd-bb74-2a0b469ddd6d,,FINISHED,XGBoost,adults,SPSA,1337,0.01,,,,,,,,classification,Tesla T4,True,1,8,0.8534138601699253,0.8385140651526612,0.8511027953177458,0.8534138601699253,0.9101354071371646,,,,,0.6413173675537109
bab153d8-1dea-467f-84ae-3ee2bb07212f,,FINISHED,XGBoost,adults,QNG,1337,0.1,,,,,,,,classification,Tesla T4,True,1,8,0.8736820554816256,0.8685604763286596,0.8690314977749569,0.8736820554816256,0.9305731060515798,,,,,0.6784143447875977
e4da1c24-b633-484b-b2cb-34b83a18078b,,FINISHED,XGBoost,adults,QNG,1337,0.01,,,,,,,,classification,Tesla T4,True,1,8,0.8534138601699253,0.8385140651526612,0.8511027953177458,0.8534138601699253,0.9101354071371646,,,,,0.6606495380401611
472099aa-789a-42d2-bc1b-a9ab21f286c0,,FINISHED,XGBoost,adults,SGD,2025,0.1,,,,,,,,classification,Tesla T4,True,1,8,0.8702016583068891,0.8660298198758898,0.8654647090178768,0.8702016583068891,0.9241611073947612,,,,,0.8532497882843018
02b4acbf-d09b-47f3-96ee-1d971520830f,,FINISHED,XGBoost,adults,SGD,2025,0.01,,,,,,,,classification,Tesla T4,True,1,8,0.8507523799774798,0.8338004296454133,0.8500115191527584,0.8507523799774798,0.9065509041896598,,,,,0.6432268619537354
fdf698f5-f47a-4d7d-a67d-bcc5af12df7b,,FINISHED,XGBoost,adults,SGD,2025,0.001,,,,,,,,classification,Tesla T4,True,1,8,0.7606715119254785,0.6572732564090966,0.5786211490549934,0.7606715119254785,0.8921291737995835,,,,,0.6312041282653809
30ec72d1-4b10-4dd9-af5d-ab05f1930e6a,,FINISHED,XGBoost,adults,Adam,2025,0.1,,,,,,,,classification,Tesla T4,True,1,8,0.8702016583068891,0.8660298198758898,0.8654647090178768,0.8702016583068891,0.9241611073947612,,,,,0.6558589935302734
e20cf25b-177d-48ac-8270-e52bb3ea47a6,,FINISHED,XGBoost,adults,Adam,2025,0.01,,,,,,,,classification,Tesla T4,True,1,8,0.8507523799774798,0.8338004296454133,0.8500115191527584,0.8507523799774798,0.9065509041896598,,,,,0.6324660778045654
70ed7663-df6a-4a5c-ae8c-a2f773c7f6d0,,FINISHED,XGBoost,adults,Adam,2025,0.001,,,,,,,,classification,Tesla T4,True,1,8,0.7606715119254785,0.6572732564090966,0.5786211490549934,0.7606715119254785,0.8921291737995835,,,,,0.6247470378875732
a1ebe89c-0abc-4ecf-b1fe-0f8981c35071,,FINISHED,XGBoost,adults,SPSA,2025,0.1,,,,,,,,classification,Tesla T4,True,1,8,0.8702016583068891,0.8660298198758898,0.8654647090178768,0.8702016583068891,0.9241611073947612,,,,,0.633375883102417
d25305e8-4a12-4d21-b6a1-fb80cdd0ad41,,FINISHED,XGBoost,adults,SPSA,2025,0.01,,,,,,,,classification,Tesla T4,True,1,8,0.8507523799774798,0.8338004296454133,0.8500115191527584,0.8507523799774798,0.9065509041896598,,,,,0.6489596366882324
da98772a-08d4-4c64-9f40-ca80196f3e7d,,FINISHED,XGBoost,adults,QNG,2025,0.1,,,,,,,,classification,Tesla T4,True,1,8,0.8702016583068891,0.8660298198758898,0.8654647090178768,0.8702016583068891,0.9241611073947612,,,,,0.6405203342437744
7d0a4e27-53c3-4bcc-a76f-2d0206f1fa0a,,FINISHED,XGBoost,adults,QNG,2025,0.01,,,,,,,,classification,Tesla T4,True,1,8,0.8507523799774798,0.8338004296454133,0.8500115191527584,0.8507523799774798,0.9065509041896598,,,,,0.6666312217712402
6a219982-4f65-45d9-8851-cc104a1b4206,,FINISHED,XGBoost,california_housing,SGD,42,0.1,,,,,,,,regression,Tesla T4,True,1,8,,,,,,0.4766240917205388,0.2271705248084286,0.316415329421426,0.826641507666268,0.3638489246368408
64800438-5b31-44a6-90fe-e3978a68a31a,,FINISHED,XGBoost,california_housing,SGD,42,0.01,,,,,,,,regression,Tesla T4,True,1,8,,,,,,0.7206101252996503,0.5192789526843777,0.5509771494273529,0.6037275680288297,0.3802907466888428
a7560563-78ad-4ab4-9d0b-b550e300d062,,FINISHED,XGBoost,california_housing,SGD,42,0.001,,,,,,,,regression,Tesla T4,True,1,8,,,,,,1.0749143111120754,1.1554407762335477,0.8493834518720476,0.1182594171595055,0.3799924850463867
2a4db5be-f1fd-49ee-9185-dd08a7fd8274,,FINISHED,XGBoost,california_housing,Adam,42,0.1,,,,,,,,regression,Tesla T4,True,1,8,,,,,,0.4766240917205388,0.2271705248084286,0.316415329421426,0.826641507666268,0.7618868350982666
b5438441-22ce-4f49-be38-79969f4d8bba,,FINISHED,XGBoost,california_housing,Adam,42,0.01,,,,,,,,regression,Tesla T4,True,1,8,,,,,,0.7206101252996503,0.5192789526843777,0.5509771494273529,0.6037275680288297,0.3704416751861572
7d576625-f92e-44e0-b193-4350401cab83,,FINISHED,XGBoost,california_housing,Adam,42,0.001,,,,,,,,regression,Tesla T4,True,1,8,,,,,,1.0749143111120754,1.1554407762335477,0.8493834518720476,0.1182594171595055,0.3884205818176269
edee5fc7-13c2-4da0-aa7e-3567b8d44d34,,FINISHED,XGBoost,california_housing,SPSA,42,0.1,,,,,,,,regression,Tesla T4,True,1,8,,,,,,0.4766240917205388,0.2271705248084286,0.316415329421426,0.826641507666268,0.3596878051757812
bcfafe6e-aec7-49df-acd0-7510372a0787,,FINISHED,XGBoost,california_housing,SPSA,42,0.01,,,,,,,,regression,Tesla T4,True,1,8,,,,,,0.7206101252996503,0.5192789526843777,0.5509771494273529,0.6037275680288297,0.5589501857757568
d09e17f1-1932-4610-9a9c-1cce9ba4f4d1,,FINISHED,XGBoost,california_housing,QNG,42,0.1,,,,,,,,regression,Tesla T4,True,1,8,,,,,,0.4766240917205388,0.2271705248084286,0.316415329421426,0.826641507666268,0.3900766372680664
6c19b332-351c-4133-9944-95c8564998c5,,FINISHED,XGBoost,california_housing,QNG,42,0.01,,,,,,,,regression,Tesla T4,True,1,8,,,,,,0.7206101252996503,0.5192789526843777,0.5509771494273529,0.6037275680288297,0.3805277347564697
4ec27235-5d9f-4094-baec-7ad7d72de74e,,FINISHED,XGBoost,california_housing,SGD,1337,0.1,,,,,,,,regression,Tesla T4,True,1,8,,,,,,0.4720426750775354,0.2228242870943556,0.317105011734267,0.8313905082202677,0.36614990234375
65ea9408-fbcb-471c-bcf5-0e4d512ab4a0,,FINISHED,XGBoost,california_housing,SGD,1337,0.01,,,,,,,,regression,Tesla T4,True,1,8,,,,,,0.708194449189718,0.501539377863128,0.5453308681704,0.6204888582310772,0.3813302516937256
f705a7b0-c008-4e70-8594-d3c96f865c25,,FINISHED,XGBoost,california_housing,SGD,1337,0.001,,,,,,,,regression,Tesla T4,True,1,8,,,,,,1.0776048457314444,1.16123220354389,0.8512167164278307,0.1213041709637149,0.3681874275207519
dfc64f28-fa33-4c5b-b47b-6439a11ffcf5,,FINISHED,XGBoost,california_housing,Adam,1337,0.1,,,,,,,,regression,Tesla T4,True,1,8,,,,,,0.4720426750775354,0.2228242870943556,0.317105011734267,0.8313905082202677,0.400892972946167
cea00cbb-a4b4-4563-9f18-88c9bc66fb0d,,FINISHED,XGBoost,california_housing,Adam,1337,0.01,,,,,,,,regression,Tesla T4,True,1,8,,,,,,0.708194449189718,0.501539377863128,0.5453308681704,0.6204888582310772,0.3823351860046386
4f597895-9e8a-409f-ab57-d4c1eb614af7,,FINISHED,XGBoost,california_housing,Adam,1337,0.001,,,,,,,,regression,Tesla T4,True,1,8,,,,,,1.0776048457314444,1.16123220354389,0.8512167164278307,0.1213041709637149,0.4063923358917236
6116f6d2-7047-410d-9a42-d8d0273a7560,,FINISHED,XGBoost,california_housing,SPSA,1337,0.1,,,,,,,,regression,Tesla T4,True,1,8,,,,,,0.4720426750775354,0.2228242870943556,0.317105011734267,0.8313905082202677,0.3781552314758301
596567ab-6223-453d-891b-9c0adcf2cca1,,FINISHED,XGBoost,california_housing,SPSA,1337,0.01,,,,,,,,regression,Tesla T4,True,1,8,,,,,,0.708194449189718,0.501539377863128,0.5453308681704,0.6204888582310772,0.6862130165100098
bb50964a-2c43-4c9b-a281-74fbceb0ad92,,FINISHED,XGBoost,california_housing,QNG,1337,0.1,,,,,,,,regression,Tesla T4,True,1,8,,,,,,0.4720426750775354,0.2228242870943556,0.317105011734267,0.8313905082202677,0.3736011981964111
b3984df6-2ca6-4ac6-a962-f6e4edf78030,,FINISHED,XGBoost,california_housing,QNG,1337,0.01,,,,,,,,regression,Tesla T4,True,1,8,,,,,,0.708194449189718,0.501539377863128,0.5453308681704,0.6204888582310772,0.3759219646453857
1596e915-a77d-44a7-a64c-51606fbf965e,,FINISHED,XGBoost,california_housing,SGD,2025,0.1,,,,,,,,regression,Tesla T4,True,1,8,,,,,,0.493021393339937,0.2430700942908528,0.3216799175764585,0.8218573640208616,0.380049467086792
eb2afe85-1824-466b-8fa2-e6f8426376b0,,FINISHED,XGBoost,california_housing,SGD,2025,0.01,,,,,,,,regression,Tesla T4,True,1,8,,,,,,0.731790990796369,0.5355180542107314,0.5633601826133745,0.6075263883455497,0.68985915184021
f4651986-504f-4f91-bc55-049ea59e2d6a,,FINISHED,XGBoost,california_housing,SGD,2025,0.001,,,,,,,,regression,Tesla T4,True,1,8,,,,,,1.097354215063874,1.204186273318451,0.8702386567389411,0.1174689030969093,0.3716325759887695
4d4e7d4f-136e-47bb-baab-1a06690298bb,,FINISHED,XGBoost,california_housing,Adam,2025,0.1,,,,,,,,regression,Tesla T4,True,1,8,,,,,,0.493021393339937,0.2430700942908528,0.3216799175764585,0.8218573640208616,0.3700616359710693
064eb278-642a-4756-a30f-e4b6834bb361,,FINISHED,XGBoost,california_housing,Adam,2025,0.01,,,,,,,,regression,Tesla T4,True,1,8,,,,,,0.731790990796369,0.5355180542107314,0.5633601826133745,0.6075263883455497,0.373516321182251
abb2f404-970b-4fa5-914c-4bec9f119969,,FINISHED,XGBoost,california_housing,Adam,2025,0.001,,,,,,,,regression,Tesla T4,True,1,8,,,,,,1.097354215063874,1.204186273318451,0.8702386567389411,0.1174689030969093,0.4797627925872803
0a1a29ad-fb03-4c07-9d21-b55452426739,,FINISHED,XGBoost,california_housing,SPSA,2025,0.1,,,,,,,,regression,Tesla T4,True,1,8,,,,,,0.493021393339937,0.2430700942908528,0.3216799175764585,0.8218573640208616,0.3790950775146484
b6c6ca67-9691-41c1-a12e-2fe0f2816e66,,FINISHED,XGBoost,california_housing,SPSA,2025,0.01,,,,,,,,regression,Tesla T4,True,1,8,,,,,,0.731790990796369,0.5355180542107314,0.5633601826133745,0.6075263883455497,0.3800289630889892
d108aed6-8327-4817-ab17-8abc6fd92946,,FINISHED,XGBoost,california_housing,QNG,2025,0.1,,,,,,,,regression,Tesla T4,True,1,8,,,,,,0.493021393339937,0.2430700942908528,0.3216799175764585,0.8218573640208616,0.365992784500122
c81e3c41-e15a-43f7-bd1d-18741ad7db41,,FINISHED,XGBoost,california_housing,QNG,2025,0.01,,,,,,,,regression,Tesla T4,True,1,8,,,,,,0.731790990796369,0.5355180542107314,0.5633601826133745,0.6075263883455497,0.3754856586456299
687cf6f0-eb04-4cbd-b075-cecd781d3209,,FINISHED,XGBoost,higgs,SGD,42,0.1,,,,,,,,classification,Tesla T4,True,1,8,0.9184,0.9183989424502944,0.9184216909804604,0.9184,0.9790332,,,,,0.8817582130432129
3f936e9a-dfc1-4f99-92c2-088da1567cec,,FINISHED,XGBoost,higgs,SGD,42,0.01,,,,,,,,classification,Tesla T4,True,1,8,0.8571,0.8570769479409334,0.8573305353681983,0.8571,0.93231502,,,,,0.8584291934967041
572c3e4d-3f36-45a1-88e3-800e32672ec5,,FINISHED,XGBoost,higgs,SGD,42,0.001,,,,,,,,classification,Tesla T4,True,1,8,0.8231,0.8229265228852055,0.8243711326196647,0.8231,0.9049889,,,,,0.843836784362793
d8b72c6d-cd8b-48d4-9686-3e19cad28176,,FINISHED,XGBoost,higgs,Adam,42,0.1,,,,,,,,classification,Tesla T4,True,1,8,0.9184,0.9183989424502944,0.9184216909804604,0.9184,0.9790332,,,,,0.8409526348114014
fed03d4c-563f-41ad-8062-d7024d95d90e,,FINISHED,XGBoost,higgs,Adam,42,0.01,,,,,,,,classification,Tesla T4,True,1,8,0.8571,0.8570769479409334,0.8573305353681983,0.8571,0.93231502,,,,,0.8783745765686035
f873648c-8c91-475b-89ad-c58df333fd6a,,FINISHED,XGBoost,higgs,Adam,42,0.001,,,,,,,,classification,Tesla T4,True,1,8,0.8231,0.8229265228852055,0.8243711326196647,0.8231,0.9049889,,,,,0.847644567489624
5cd18a63-5175-4735-a1dd-232c5714faee,,FINISHED,XGBoost,higgs,SPSA,42,0.1,,,,,,,,classification,Tesla T4,True,1,8,0.9184,0.9183989424502944,0.9184216909804604,0.9184,0.9790332,,,,,0.8556110858917236
9d28c5da-4d21-4727-af0d-345b4d716f53,,FINISHED,XGBoost,higgs,SPSA,42,0.01,,,,,,,,classification,Tesla T4,True,1,8,0.8571,0.8570769479409334,0.8573305353681983,0.8571,0.93231502,,,,,0.8803691864013672
6bff9192-6489-4c19-b9c5-853f0e790230,,FINISHED,XGBoost,higgs,QNG,42,0.1,,,,,,,,classification,Tesla T4,True,1,8,0.9184,0.9183989424502944,0.9184216909804604,0.9184,0.9790332,,,,,0.8435518741607666
059e69f4-9234-4382-80b1-6499a308a3fc,,FINISHED,XGBoost,higgs,QNG,42,0.01,,,,,,,,classification,Tesla T4,True,1,8,0.8571,0.8570769479409334,0.8573305353681983,0.8571,0.93231502,,,,,0.8701598644256592
ee49f783-6ea4-43d1-a387-932c62e85b11,,FINISHED,XGBoost,higgs,SGD,1337,0.1,,,,,,,,classification,Tesla T4,True,1,8,0.9192,0.9191982902358212,0.9192354840913736,0.9192,0.98028284,,,,,0.8546547889709473
5aeb9010-7669-4391-99aa-ab8a620d17c9,,FINISHED,XGBoost,higgs,SGD,1337,0.01,,,,,,,,classification,Tesla T4,True,1,8,0.8556,0.8555716920516421,0.8558790091431682,0.8556,0.93187558,,,,,0.8656527996063232
17557a60-ca3f-454d-af3e-5ecbdf82ff2e,,FINISHED,XGBoost,higgs,SGD,1337,0.001,,,,,,,,classification,Tesla T4,True,1,8,0.8283,0.8281024536207254,0.8298161118958073,0.8283,0.90071758,,,,,1.0791113376617432
0a06f0cb-27e9-47d6-9b78-9f597434c357,,FINISHED,XGBoost,higgs,Adam,1337,0.1,,,,,,,,classification,Tesla T4,True,1,8,0.9192,0.9191982902358212,0.9192354840913736,0.9192,0.98028284,,,,,0.9217684268951416
4c923be1-130c-4feb-98c5-9ba3753f0185,,FINISHED,XGBoost,higgs,Adam,1337,0.01,,,,,,,,classification,Tesla T4,True,1,8,0.8556,0.8555716920516421,0.8558790091431682,0.8556,0.93187558,,,,,1.1900229454040527
a0fa1d58-53db-4938-a34b-517b83097a04,,FINISHED,XGBoost,higgs,Adam,1337,0.001,,,,,,,,classification,Tesla T4,True,1,8,0.8283,0.8281024536207254,0.8298161118958073,0.8283,0.90071758,,,,,1.113492727279663
fb2054bb-aa89-4ba9-b57f-e3334b22a312,,FINISHED,XGBoost,higgs,SPSA,1337,0.1,,,,,,,,classification,Tesla T4,True,1,8,0.9192,0.9191982902358212,0.9192354840913736,0.9192,0.98028284,,,,,0.8413794040679932
f5079428-9da8-4416-b352-e7b0bc6d5147,,FINISHED,XGBoost,higgs,SPSA,1337,0.01,,,,,,,,classification,Tesla T4,True,1,8,0.8556,0.8555716920516421,0.8558790091431682,0.8556,0.93187558,,,,,0.881324291229248
0690a97d-f118-4091-8798-b78703e70334,,FINISHED,XGBoost,higgs,QNG,1337,0.1,,,,,,,,classification,Tesla T4,True,1,8,0.9192,0.9191982902358212,0.9192354840913736,0.9192,0.98028284,,,,,0.8489980697631836
316f7abb-cd8d-4a90-81c9-2a391f70af52,,FINISHED,XGBoost,higgs,QNG,1337,0.01,,,,,,,,classification,Tesla T4,True,1,8,0.8556,0.8555716920516421,0.8558790091431682,0.8556,0.93187558,,,,,0.8529868125915527
a1f1f7b5-ae17-49a1-948f-95efe89ac1a3,,FINISHED,XGBoost,higgs,SGD,2025,0.1,,,,,,,,classification,Tesla T4,True,1,8,0.9198,0.9197996118301212,0.919808127485348,0.9198,0.97938492,,,,,0.880744218826294
7fa3141e-912b-478f-974e-9a22219cf93a,,FINISHED,XGBoost,higgs,SGD,2025,0.01,,,,,,,,classification,Tesla T4,True,1,8,0.8578,0.8577705072923921,0.8580970199922624,0.8578,0.93593792,,,,,0.8653411865234375
dece7c62-92fb-4d29-b76e-fdd5cd17f47b,,FINISHED,XGBoost,higgs,SGD,2025,0.001,,,,,,,,classification,Tesla T4,True,1,8,0.8317,0.8316250377830715,0.8322917584551273,0.8317,0.90575834,,,,,0.8420875072479248
487a3373-c58f-4478-96bd-9f39a93a7a59,,FINISHED,XGBoost,higgs,Adam,2025,0.1,,,,,,,,classification,Tesla T4,True,1,8,0.9198,0.9197996118301212,0.919808127485348,0.9198,0.97938492,,,,,0.8302240371704102
9f8e8bad-c0c0-401b-9596-62f1e1b584a9,,FINISHED,XGBoost,higgs,Adam,2025,0.01,,,,,,,,classification,Tesla T4,True,1,8,0.8578,0.8577705072923921,0.8580970199922624,0.8578,0.93593792,,,,,0.8754417896270752
958e2250-24ad-4548-9b05-20486b608c9e,,FINISHED,XGBoost,higgs,Adam,2025,0.001,,,,,,,,classification,Tesla T4,True,1,8,0.8317,0.8316250377830715,0.8322917584551273,0.8317,0.90575834,,,,,0.8285152912139893
72f89577-2cae-4c1c-b31e-f2cab10fd3f7,,FINISHED,XGBoost,higgs,SPSA,2025,0.1,,,,,,,,classification,Tesla T4,True,1,8,0.9198,0.9197996118301212,0.919808127485348,0.9198,0.97938492,,,,,0.9544415473937988
679c7485-d512-4be5-a5a7-fe7ae4aa312d,,FINISHED,XGBoost,higgs,SPSA,2025,0.01,,,,,,,,classification,Tesla T4,True,1,8,0.8578,0.8577705072923921,0.8580970199922624,0.8578,0.93593792,,,,,1.074876070022583
4193333f-3b94-4295-a9b6-2f546822d6ab,,FINISHED,XGBoost,higgs,QNG,2025,0.1,,,,,,,,classification,Tesla T4,True,1,8,0.9198,0.9197996118301212,0.919808127485348,0.9198,0.97938492,,,,,1.1589105129241943
3c5be5a6-fd37-4674-baaa-f6d1d798812c,,FINISHED,XGBoost,higgs,QNG,2025,0.01,,,,,,,,classification,Tesla T4,True,1,8,0.8578,0.8577705072923921,0.8580970199922624,0.8578,0.93593792,,,,,0.8502428531646729
465cfe3f-fd34-4864-8a53-1f3fd657316f,,FINISHED,LightGBM,adults,SGD,42,0.1,,,,,,,,classification,Tesla T4,True,1,8,0.8774695465247211,0.8735196666908932,0.8732651430311279,0.8774695465247211,0.9299452021615688,,,,,0.7575209140777588
9de46ac4-a5f2-4cdb-abf1-c706b454525a,,FINISHED,LightGBM,adults,SGD,42,0.01,,,,,,,,classification,Tesla T4,True,1,8,0.8548469648889344,0.8365270107440146,0.8589043515469541,0.8548469648889344,0.916804835452804,,,,,0.7214021682739258
c2fb445c-fc06-4856-8928-fa81a94d316b,,FINISHED,LightGBM,adults,SGD,42,0.001,,,,,,,,classification,Tesla T4,True,1,8,0.7606715119254785,0.6572732564090966,0.5786211490549934,0.7606715119254785,0.9100620778167984,,,,,0.7115399837493896
d0282a82-c124-4462-aaa8-f28f0e248a64,,FINISHED,LightGBM,adults,Adam,42,0.1,,,,,,,,classification,Tesla T4,True,1,8,0.8774695465247211,0.8735196666908932,0.8732651430311279,0.8774695465247211,0.9299452021615688,,,,,0.7109572887420654
49fa38eb-f6c1-43c0-90b8-7620a6dfb8d2,,FINISHED,LightGBM,adults,Adam,42,0.01,,,,,,,,classification,Tesla T4,True,1,8,0.8548469648889344,0.8365270107440146,0.8589043515469541,0.8548469648889344,0.916804835452804,,,,,0.7050731182098389
eb9a0658-7abe-4862-87cc-dd4d34b3ef9d,,FINISHED,LightGBM,adults,Adam,42,0.001,,,,,,,,classification,Tesla T4,True,1,8,0.7606715119254785,0.6572732564090966,0.5786211490549934,0.7606715119254785,0.9100620778167984,,,,,0.7041332721710205
18ae57e1-681f-4d0a-8862-c5c5544f9cc6,,FINISHED,LightGBM,adults,SPSA,42,0.1,,,,,,,,classification,Tesla T4,True,1,8,0.8774695465247211,0.8735196666908932,0.8732651430311279,0.8774695465247211,0.9299452021615688,,,,,0.696664571762085
5ccc5666-7539-415e-b546-29a965d26135,,FINISHED,LightGBM,adults,SPSA,42,0.01,,,,,,,,classification,Tesla T4,True,1,8,0.8548469648889344,0.8365270107440146,0.8589043515469541,0.8548469648889344,0.916804835452804,,,,,0.7016141414642334
35e864ea-cf9f-41a5-b7e9-0418e5f80eee,,FINISHED,LightGBM,adults,QNG,42,0.1,,,,,,,,classification,Tesla T4,True,1,8,0.8774695465247211,0.8735196666908932,0.8732651430311279,0.8774695465247211,0.9299452021615688,,,,,0.7913689613342285
5c838932-bdad-464e-affe-845bccb6433e,,FINISHED,LightGBM,adults,QNG,42,0.01,,,,,,,,classification,Tesla T4,True,1,8,0.8548469648889344,0.8365270107440146,0.8589043515469541,0.8548469648889344,0.916804835452804,,,,,0.9787547588348388
23bf98e5-be99-43df-a90e-b8986db5c48e,,FINISHED,LightGBM,adults,SGD,1337,0.1,,,,,,,,classification,Tesla T4,True,1,8,0.8731702323676938,0.8685436878866986,0.8685132795201216,0.8731702323676938,0.9311807494072354,,,,,1.0870161056518557
85b9487a-02d1-46fd-8313-9625d2203885,,FINISHED,LightGBM,adults,SGD,1337,0.01,,,,,,,,classification,Tesla T4,True,1,8,0.8542327771522162,0.837192420686838,0.8555314173824707,0.8542327771522162,0.9150533352811072,,,,,0.7007904052734375
fa6da681-dd10-4745-b078-5cdfc3330329,,FINISHED,LightGBM,adults,SGD,1337,0.001,,,,,,,,classification,Tesla T4,True,1,8,0.7606715119254785,0.6572732564090966,0.5786211490549934,0.7606715119254785,0.9091859823809328,,,,,0.7300186157226562
90d3d6a4-cb6b-441e-ad79-3e4932ae9dd1,,FINISHED,LightGBM,adults,Adam,1337,0.1,,,,,,,,classification,Tesla T4,True,1,8,0.8731702323676938,0.8685436878866986,0.8685132795201216,0.8731702323676938,0.9311807494072354,,,,,1.0294849872589111
05bb90d2-3146-4217-b669-f380133c879f,,FINISHED,LightGBM,adults,Adam,1337,0.01,,,,,,,,classification,Tesla T4,True,1,8,0.8542327771522162,0.837192420686838,0.8555314173824707,0.8542327771522162,0.9150533352811072,,,,,0.966334104537964
f83ed86a-9f63-4388-8645-25e8ed9543fc,,FINISHED,LightGBM,adults,Adam,1337,0.001,,,,,,,,classification,Tesla T4,True,1,8,0.7606715119254785,0.6572732564090966,0.5786211490549934,0.7606715119254785,0.9091859823809328,,,,,0.7158596515655518
f9b1b6e4-304d-4abc-b27a-933e971281f4,,FINISHED,LightGBM,adults,SPSA,1337,0.1,,,,,,,,classification,Tesla T4,True,1,8,0.8731702323676938,0.8685436878866986,0.8685132795201216,0.8731702323676938,0.9311807494072354,,,,,1.0325255393981934
db81d338-9f59-44a2-aabf-af6bb52de84e,,FINISHED,LightGBM,adults,SPSA,1337,0.01,,,,,,,,classification,Tesla T4,True,1,8,0.8542327771522162,0.837192420686838,0.8555314173824707,0.8542327771522162,0.9150533352811072,,,,,1.026172399520874
541826b1-2a78-471a-9d1f-389d42ff0fd0,,FINISHED,LightGBM,adults,QNG,1337,0.1,,,,,,,,classification,Tesla T4,True,1,8,0.8731702323676938,0.8685436878866986,0.8685132795201216,0.8731702323676938,0.9311807494072354,,,,,0.9892776012420654
6227730b-362e-4e23-bb93-6768885f185d,,FINISHED,LightGBM,adults,QNG,1337,0.01,,,,,,,,classification,Tesla T4,True,1,8,0.8542327771522162,0.837192420686838,0.8555314173824707,0.8542327771522162,0.9150533352811072,,,,,1.0769577026367188
1b60d9e2-5191-483e-b8bf-3ddb74be3a3a,,FINISHED,LightGBM,adults,SGD,2025,0.1,,,,,,,,classification,Tesla T4,True,1,8,0.8710205752891801,0.8673584366885272,0.8665647403030926,0.8710205752891801,0.9234000710730338,,,,,0.655179500579834
a1cd4573-97a3-493c-8b19-94e57c4e5888,,FINISHED,LightGBM,adults,SGD,2025,0.01,,,,,,,,classification,Tesla T4,True,1,8,0.8506500153546934,0.8316343478354711,0.8532802216554782,0.8506500153546934,0.9102016567821736,,,,,0.7362589836120605
e6d57ed3-31eb-4255-9c52-732de4d713e6,,FINISHED,LightGBM,adults,SGD,2025,0.001,,,,,,,,classification,Tesla T4,True,1,8,0.7606715119254785,0.6572732564090966,0.5786211490549934,0.7606715119254785,0.9039479435500072,,,,,0.6960129737854004
7086af4a-bb84-457e-aeec-bafd9607c278,,FINISHED,LightGBM,adults,Adam,2025,0.1,,,,,,,,classification,Tesla T4,True,1,8,0.8710205752891801,0.8673584366885272,0.8665647403030926,0.8710205752891801,0.9234000710730338,,,,,0.6517548561096191
08040fb1-d008-49e1-980f-08e7ea09960b,,FINISHED,LightGBM,adults,Adam,2025,0.01,,,,,,,,classification,Tesla T4,True,1,8,0.8506500153546934,0.8316343478354711,0.8532802216554782,0.8506500153546934,0.9102016567821736,,,,,0.7178487777709961
ffaa321c-3bb6-4b5e-9d9c-5ac6191c2706,,FINISHED,LightGBM,adults,Adam,2025,0.001,,,,,,,,classification,Tesla T4,True,1,8,0.7606715119254785,0.6572732564090966,0.5786211490549934,0.7606715119254785,0.9039479435500072,,,,,0.7043030261993408
3fa81341-f038-4b7a-ab26-d654afde3525,,FINISHED,LightGBM,adults,SPSA,2025,0.1,,,,,,,,classification,Tesla T4,True,1,8,0.8710205752891801,0.8673584366885272,0.8665647403030926,0.8710205752891801,0.9234000710730338,,,,,0.6510183811187744
3ca10064-13e4-4a73-80d8-704ec6570657,,FINISHED,LightGBM,adults,SPSA,2025,0.01,,,,,,,,classification,Tesla T4,True,1,8,0.8506500153546934,0.8316343478354711,0.8532802216554782,0.8506500153546934,0.9102016567821736,,,,,0.7306671142578125
ecbe69f2-8595-464a-91f8-8e07bab18001,,FINISHED,LightGBM,adults,QNG,2025,0.1,,,,,,,,classification,Tesla T4,True,1,8,0.8710205752891801,0.8673584366885272,0.8665647403030926,0.8710205752891801,0.9234000710730338,,,,,0.6595287322998047
047b9337-a42b-4b61-aa81-ca0a38371b50,,FINISHED,LightGBM,adults,QNG,2025,0.01,,,,,,,,classification,Tesla T4,True,1,8,0.8506500153546934,0.8316343478354711,0.8532802216554782,0.8506500153546934,0.9102016567821736,,,,,0.7064895629882812
a4d44870-fc8b-40d5-ae04-a0be283767f5,,FINISHED,LightGBM,california_housing,SGD,42,0.1,,,,,,,,regression,Tesla T4,True,1,8,,,,,,0.4600451771446065,0.2116415650140123,0.3072111429850418,0.8384919757661298,0.3659827709197998
0c719b4d-4780-45ea-990f-596381a97572,,FINISHED,LightGBM,california_housing,SGD,42,0.01,,,,,,,,regression,Tesla T4,True,1,8,,,,,,0.7133884802374543,0.5089231237355047,0.543295316809936,0.6116303137523631,0.3886969089508056
3c5660bd-ba87-4a37-9fbe-2b70100e5656,,FINISHED,LightGBM,california_housing,SGD,42,0.001,,,,,,,,regression,Tesla T4,True,1,8,,,,,,1.0769686701353225,1.1598615164530444,0.850161642346747,0.1148858595199423,0.376739501953125
30854490-08f1-442b-8557-cb3cee58d26c,,FINISHED,LightGBM,california_housing,Adam,42,0.1,,,,,,,,regression,Tesla T4,True,1,8,,,,,,0.4600451771446065,0.2116415650140123,0.3072111429850418,0.8384919757661298,0.4077832698822021
afe3c42e-4fb0-49e5-af11-1cbb9acf70b7,,FINISHED,LightGBM,california_housing,Adam,42,0.01,,,,,,,,regression,Tesla T4,True,1,8,,,,,,0.7133884802374543,0.5089231237355047,0.543295316809936,0.6116303137523631,0.377678632736206
d36c00e3-c331-4527-ac44-d4f34ab752db,,FINISHED,LightGBM,california_housing,Adam,42,0.001,,,,,,,,regression,Tesla T4,True,1,8,,,,,,1.0769686701353225,1.1598615164530444,0.850161642346747,0.1148858595199423,0.3763787746429443
44524cad-10c7-4bf0-914d-8c5744172cbf,,FINISHED,LightGBM,california_housing,SPSA,42,0.1,,,,,,,,regression,Tesla T4,True,1,8,,,,,,0.4600451771446065,0.2116415650140123,0.3072111429850418,0.8384919757661298,0.366239070892334
8176c601-f277-4834-b012-d73d5b270027,,FINISHED,LightGBM,california_housing,SPSA,42,0.01,,,,,,,,regression,Tesla T4,True,1,8,,,,,,0.7133884802374543,0.5089231237355047,0.543295316809936,0.6116303137523631,0.3860878944396972
db492d13-17dc-440b-8232-550cb2c16092,,FINISHED,LightGBM,california_housing,QNG,42,0.1,,,,,,,,regression,Tesla T4,True,1,8,,,,,,0.4600451771446065,0.2116415650140123,0.3072111429850418,0.8384919757661298,0.6179404258728027
6adda75b-19ec-4d15-a4d2-bc5e34f86d7e,,FINISHED,LightGBM,california_housing,QNG,42,0.01,,,,,,,,regression,Tesla T4,True,1,8,,,,,,0.7133884802374543,0.5089231237355047,0.543295316809936,0.6116303137523631,0.3843579292297363
996f6afc-7563-41e2-a425-94edb456c52a,,FINISHED,LightGBM,california_housing,SGD,1337,0.1,,,,,,,,regression,Tesla T4,True,1,8,,,,,,0.4555455087832512,0.2075217105725912,0.307799219210969,0.8429698548161914,0.3731324672698974
cba02b79-53ef-410b-81f6-40a08dacf71a,,FINISHED,LightGBM,california_housing,SGD,1337,0.01,,,,,,,,regression,Tesla T4,True,1,8,,,,,,0.7080202159103424,0.5012926261377278,0.5427023136700594,0.6206755734386429,0.4041066169738769
706d8746-ceb4-4b5a-9501-a2ae95e9041d,,FINISHED,LightGBM,california_housing,SGD,1337,0.001,,,,,,,,regression,Tesla T4,True,1,8,,,,,,1.080764398032363,1.1680516840542554,0.8523542325939686,0.1161439204450289,0.4117763042449951
cdd42bec-793d-43a0-8836-fe477feae028,,FINISHED,LightGBM,california_housing,Adam,1337,0.1,,,,,,,,regression,Tesla T4,True,1,8,,,,,,0.4555455087832512,0.2075217105725912,0.307799219210969,0.8429698548161914,0.3774993419647217
b5e72103-6e07-4eed-94b0-c079fdcdcfb1,,FINISHED,LightGBM,california_housing,Adam,1337,0.01,,,,,,,,regression,Tesla T4,True,1,8,,,,,,0.7080202159103424,0.5012926261377278,0.5427023136700594,0.6206755734386429,0.3812334537506103
5a2c66c7-473f-4009-ab68-087f3579d9f1,,FINISHED,LightGBM,california_housing,Adam,1337,0.001,,,,,,,,regression,Tesla T4,True,1,8,,,,,,1.080764398032363,1.1680516840542554,0.8523542325939686,0.1161439204450289,0.3888850212097168
4a099b08-0fdb-4d54-ad8d-75ab18c173d4,,FINISHED,LightGBM,california_housing,SPSA,1337,0.1,,,,,,,,regression,Tesla T4,True,1,8,,,,,,0.4555455087832512,0.2075217105725912,0.307799219210969,0.8429698548161914,0.372856855392456
ff1617c4-3ada-462e-9c33-e2e2a647dcbb,,FINISHED,LightGBM,california_housing,SPSA,1337,0.01,,,,,,,,regression,Tesla T4,True,1,8,,,,,,0.7080202159103424,0.5012926261377278,0.5427023136700594,0.6206755734386429,0.3693873882293701
c5af5638-91f9-4d38-b255-3235b08531df,,FINISHED,LightGBM,california_housing,QNG,1337,0.1,,,,,,,,regression,Tesla T4,True,1,8,,,,,,0.4555455087832512,0.2075217105725912,0.307799219210969,0.8429698548161914,0.3732435703277588
333623dd-8959-4324-93ef-4cefe0c2e0bb,,FINISHED,LightGBM,california_housing,QNG,1337,0.01,,,,,,,,regression,Tesla T4,True,1,8,,,,,,0.7080202159103424,0.5012926261377278,0.5427023136700594,0.6206755734386429,0.3878695964813232
2a3693c5-752a-4f13-b3ef-1b782bda903a,,FINISHED,LightGBM,california_housing,SGD,2025,0.1,,,,,,,,regression,Tesla T4,True,1,8,,,,,,0.4787077209921976,0.2291610821375437,0.3143727486256494,0.8320510824052034,0.3774027824401855
8522b0e8-4e21-44a4-b75f-b6e235fb9983,,FINISHED,LightGBM,california_housing,SGD,2025,0.01,,,,,,,,regression,Tesla T4,True,1,8,,,,,,0.7308772997465759,0.5341816272848462,0.5595537639007527,0.6085058367473173,0.3846514225006103
75a13a5a-8d54-40df-986b-d655d21b131c,,FINISHED,LightGBM,california_housing,SGD,2025,0.001,,,,,,,,regression,Tesla T4,True,1,8,,,,,,1.099620546276996,1.2091653457945193,0.8713841564188836,0.1138198112651652,0.76914381980896
d09aad1d-5eb8-470b-b455-c18a52fc1b4c,,FINISHED,LightGBM,california_housing,Adam,2025,0.1,,,,,,,,regression,Tesla T4,True,1,8,,,,,,0.4787077209921976,0.2291610821375437,0.3143727486256494,0.8320510824052034,0.3631823062896728
7449526b-a58f-4302-a7d6-4c7c97908cd7,,FINISHED,LightGBM,california_housing,Adam,2025,0.01,,,,,,,,regression,Tesla T4,True,1,8,,,,,,0.7308772997465759,0.5341816272848462,0.5595537639007527,0.6085058367473173,0.3821127414703369
f9b66624-1148-47aa-b552-041131ed2608,,FINISHED,LightGBM,california_housing,Adam,2025,0.001,,,,,,,,regression,Tesla T4,True,1,8,,,,,,1.099620546276996,1.2091653457945193,0.8713841564188836,0.1138198112651652,0.4391303062438965
54144ab6-0cfb-4eb2-b3b2-f7e4fea1d7de,,FINISHED,LightGBM,california_housing,SPSA,2025,0.1,,,,,,,,regression,Tesla T4,True,1,8,,,,,,0.4787077209921976,0.2291610821375437,0.3143727486256494,0.8320510824052034,0.3821039199829101
f91a864f-0ac0-4277-be4a-521f3f6cbb63,,FINISHED,LightGBM,california_housing,SPSA,2025,0.01,,,,,,,,regression,Tesla T4,True,1,8,,,,,,0.7308772997465759,0.5341816272848462,0.5595537639007527,0.6085058367473173,0.3720238208770752
ea214322-8a80-4f34-b8dc-03f0d029ae83,,FINISHED,LightGBM,california_housing,QNG,2025,0.1,,,,,,,,regression,Tesla T4,True,1,8,,,,,,0.4787077209921976,0.2291610821375437,0.3143727486256494,0.8320510824052034,0.3916530609130859
47b532f4-4bdd-486b-bc24-ef6d01e249c7,,FINISHED,LightGBM,california_housing,QNG,2025,0.01,,,,,,,,regression,Tesla T4,True,1,8,,,,,,0.7308772997465759,0.5341816272848462,0.5595537639007527,0.6085058367473173,0.3822267055511474
6f69ad42-6ecd-4bb8-b64c-986857aeb1a6,,FINISHED,LightGBM,higgs,SGD,42,0.1,,,,,,,,classification,Tesla T4,True,1,8,0.9228,0.922799987647998,0.9228002705921732,0.9228,0.9802498,,,,,0.8544960021972656
b02c5f72-9bf0-4152-8931-0b4068382fc3,,FINISHED,LightGBM,higgs,SGD,42,0.01,,,,,,,,classification,Tesla T4,True,1,8,0.8565,0.8564975877244496,0.8565239726719225,0.8565,0.93715336,,,,,0.7870724201202393
09bbc0c8-8023-48f4-95ff-1f84192d8489,,FINISHED,LightGBM,higgs,SGD,42,0.001,,,,,,,,classification,Tesla T4,True,1,8,0.8422,0.8421927029905862,0.8422633050208966,0.8422,0.92046894,,,,,0.799816370010376
065aa12c-e497-4b0c-8b0b-9d55141858f0,,FINISHED,LightGBM,higgs,Adam,42,0.1,,,,,,,,classification,Tesla T4,True,1,8,0.9228,0.922799987647998,0.9228002705921732,0.9228,0.9802498,,,,,0.8147435188293457
25609efc-a710-401f-9564-94797ea0a32a,,FINISHED,LightGBM,higgs,Adam,42,0.01,,,,,,,,classification,Tesla T4,True,1,8,0.8565,0.8564975877244496,0.8565239726719225,0.8565,0.93715336,,,,,0.7941956520080566
eb6c0c6f-ee43-4953-b9db-4938e0a846e9,,FINISHED,LightGBM,higgs,Adam,42,0.001,,,,,,,,classification,Tesla T4,True,1,8,0.8422,0.8421927029905862,0.8422633050208966,0.8422,0.92046894,,,,,0.7865602970123291
cf493682-75c9-48c4-9cda-8cd8cff7f132,,FINISHED,LightGBM,higgs,SPSA,42,0.1,,,,,,,,classification,Tesla T4,True,1,8,0.9228,0.922799987647998,0.9228002705921732,0.9228,0.9802498,,,,,0.8281559944152832
db875512-60a8-477a-bae2-dc448bc0fb88,,FINISHED,LightGBM,higgs,SPSA,42,0.01,,,,,,,,classification,Tesla T4,True,1,8,0.8565,0.8564975877244496,0.8565239726719225,0.8565,0.93715336,,,,,0.802532434463501
9660e6bd-fb30-4946-8070-31401fd5d9f9,,FINISHED,LightGBM,higgs,QNG,42,0.1,,,,,,,,classification,Tesla T4,True,1,8,0.9228,0.922799987647998,0.9228002705921732,0.9228,0.9802498,,,,,1.123524188995361
a1f506c8-77a9-4c6e-adee-192ce86bd3b4,,FINISHED,LightGBM,higgs,QNG,42,0.01,,,,,,,,classification,Tesla T4,True,1,8,0.8565,0.8564975877244496,0.8565239726719225,0.8565,0.93715336,,,,,1.0225045680999756
92353e04-5e6a-4974-b36e-897e8c169ff1,,FINISHED,LightGBM,higgs,SGD,1337,0.1,,,,,,,,classification,Tesla T4,True,1,8,0.9274,0.9274,0.9274,0.9274,0.98369524,,,,,1.198028326034546
eda69d63-e5ff-4b9b-8d4e-496969680d41,,FINISHED,LightGBM,higgs,SGD,1337,0.01,,,,,,,,classification,Tesla T4,True,1,8,0.8542,0.854195095123,0.8542476675661477,0.8542,0.93785558,,,,,0.9356918334960938
5d12ab4a-5726-4662-91e8-0ab4f76d895f,,FINISHED,LightGBM,higgs,SGD,1337,0.001,,,,,,,,classification,Tesla T4,True,1,8,0.8356,0.8355771057562055,0.835787019938625,0.8356,0.9187849,,,,,0.8785324096679688
24d3b674-9300-4ca7-9fcd-14af49e50034,,FINISHED,LightGBM,higgs,Adam,1337,0.1,,,,,,,,classification,Tesla T4,True,1,8,0.9274,0.9274,0.9274,0.9274,0.98369524,,,,,1.2098701000213623
09319544-6a08-4326-bdcb-8ce61fe5d1ff,,FINISHED,LightGBM,higgs,Adam,1337,0.01,,,,,,,,classification,Tesla T4,True,1,8,0.8542,0.854195095123,0.8542476675661477,0.8542,0.93785558,,,,,1.1724350452423096
0893bdf2-b625-4903-bc78-acdc9a6e00d6,,FINISHED,LightGBM,higgs,Adam,1337,0.001,,,,,,,,classification,Tesla T4,True,1,8,0.8356,0.8355771057562055,0.835787019938625,0.8356,0.9187849,,,,,0.9531314373016356
259ba866-2d53-4430-9a9b-b8e883a4d0ad,,FINISHED,LightGBM,higgs,SPSA,1337,0.1,,,,,,,,classification,Tesla T4,True,1,8,0.9274,0.9274,0.9274,0.9274,0.98369524,,,,,1.0223238468170166
3d8a4396-8453-4a7c-be00-146201907988,,FINISHED,LightGBM,higgs,SPSA,1337,0.01,,,,,,,,classification,Tesla T4,True,1,8,0.8542,0.854195095123,0.8542476675661477,0.8542,0.93785558,,,,,0.996091604232788
bfd246b7-9703-415b-8509-081b57b701a9,,FINISHED,LightGBM,higgs,QNG,1337,0.1,,,,,,,,classification,Tesla T4,True,1,8,0.9274,0.9274,0.9274,0.9274,0.98369524,,,,,0.9140722751617432
d2ef7156-daf8-4856-91ac-8fc04c48ac0a,,FINISHED,LightGBM,higgs,QNG,1337,0.01,,,,,,,,classification,Tesla T4,True,1,8,0.8542,0.854195095123,0.8542476675661477,0.8542,0.93785558,,,,,0.8317945003509521
eb65dfa3-0ddd-4321-abe5-40ae0a38d5df,,FINISHED,LightGBM,higgs,SGD,2025,0.1,,,,,,,,classification,Tesla T4,True,1,8,0.9251,0.9250995318720744,0.9251106277656942,0.9251,0.98154584,,,,,0.8213629722595215
d833d948-9c66-4e2f-8f16-e68ae5195b3d,,FINISHED,LightGBM,higgs,SGD,2025,0.01,,,,,,,,classification,Tesla T4,True,1,8,0.8616,0.8615887886918842,0.8617171963716242,0.8616,0.9416779,,,,,0.818429708480835
b469688f-4038-4ed3-b5af-a4ee2cebf197,,FINISHED,LightGBM,higgs,SGD,2025,0.001,,,,,,,,classification,Tesla T4,True,1,8,0.8405,0.8404682834994426,0.8407709947258459,0.8405,0.92438082,,,,,0.7705402374267578
676efb80-fa39-4833-8cae-34b270ffcc50,,FINISHED,LightGBM,higgs,Adam,2025,0.1,,,,,,,,classification,Tesla T4,True,1,8,0.9251,0.9250995318720744,0.9251106277656942,0.9251,0.98154584,,,,,0.8173282146453857
0d005a11-3dac-4711-9d29-1c11fe29b56a,,FINISHED,LightGBM,higgs,Adam,2025,0.01,,,,,,,,classification,Tesla T4,True,1,8,0.8616,0.8615887886918842,0.8617171963716242,0.8616,0.9416779,,,,,0.8051400184631348
a5ef5194-5f8b-4730-872b-67c06fd2195f,,FINISHED,LightGBM,higgs,Adam,2025,0.001,,,,,,,,classification,Tesla T4,True,1,8,0.8405,0.8404682834994426,0.8407709947258459,0.8405,0.92438082,,,,,1.0381550788879397
c6f9a148-9d30-4b8f-afed-23afacb340b3,,FINISHED,LightGBM,higgs,SPSA,2025,0.1,,,,,,,,classification,Tesla T4,True,1,8,0.9251,0.9250995318720744,0.9251106277656942,0.9251,0.98154584,,,,,0.809417724609375
912b69f3-0d97-4122-a570-41aed99897fb,,FINISHED,LightGBM,higgs,SPSA,2025,0.01,,,,,,,,classification,Tesla T4,True,1,8,0.8616,0.8615887886918842,0.8617171963716242,0.8616,0.9416779,,,,,0.8205821514129639
a6af9c02-f9bb-425a-a626-d8aa2eedcb65,,FINISHED,LightGBM,higgs,QNG,2025,0.1,,,,,,,,classification,Tesla T4,True,1,8,0.9251,0.9250995318720744,0.9251106277656942,0.9251,0.98154584,,,,,0.816669225692749
6c3aacfe-5dc6-455f-82ab-abe39065450f,,FINISHED,LightGBM,higgs,QNG,2025,0.01,,,,,,,,classification,Tesla T4,True,1,8,0.8616,0.8615887886918842,0.8617171963716242,0.8616,0.9416779,,,,,0.790677547454834
cada6631-7155-4220-967a-ea740673431c,,FINISHED,CatBoost,adults,SGD,42,0.1,,,,,,,,classification,Tesla T4,True,1,8,0.8695874705701709,0.8636331891325312,0.8645543592665844,0.8695874705701709,0.9219626955213516,,,,,1.4670212268829346
ce8f9fde-c3b9-4b19-97a2-ab9c7b588c37,,FINISHED,CatBoost,adults,SGD,42,0.01,,,,,,,,classification,Tesla T4,True,1,8,0.8509571092230526,0.842250193520721,0.843718798428412,0.8509571092230526,0.9022703770612072,,,,,1.406296968460083
d81cb04d-9acf-4f3d-a8a9-6188a34624da,,FINISHED,CatBoost,adults,SGD,42,0.001,,,,,,,,classification,Tesla T4,True,1,8,0.8488074521445389,0.8410890709972314,0.841302521607691,0.8488074521445389,0.8968775350849718,,,,,1.3831965923309326
6685f189-1621-477e-a2b9-694f9d1b4a2c,,FINISHED,CatBoost,adults,Adam,42,0.1,,,,,,,,classification,Tesla T4,True,1,8,0.8695874705701709,0.8636331891325312,0.8645543592665844,0.8695874705701709,0.9219626955213516,,,,,1.382795333862305
f58961b7-84c5-48b9-833e-99548fc56f74,,FINISHED,CatBoost,adults,Adam,42,0.01,,,,,,,,classification,Tesla T4,True,1,8,0.8509571092230526,0.842250193520721,0.843718798428412,0.8509571092230526,0.9022703770612072,,,,,1.380231857299805
f73eb9b1-4180-4222-87b5-8fcb604739e7,,FINISHED,CatBoost,adults,Adam,42,0.001,,,,,,,,classification,Tesla T4,True,1,8,0.8488074521445389,0.8410890709972314,0.841302521607691,0.8488074521445389,0.8968775350849718,,,,,1.4539484977722168
49881def-757f-4ad9-88ad-2896bbae063e,,FINISHED,CatBoost,adults,SPSA,42,0.1,,,,,,,,classification,Tesla T4,True,1,8,0.8695874705701709,0.8636331891325312,0.8645543592665844,0.8695874705701709,0.9219626955213516,,,,,1.3803298473358154
1b054318-43df-4f49-a21a-053792e8fa4c,,FINISHED,CatBoost,adults,SPSA,42,0.01,,,,,,,,classification,Tesla T4,True,1,8,0.8509571092230526,0.842250193520721,0.843718798428412,0.8509571092230526,0.9022703770612072,,,,,1.3768024444580078
0b0dfc79-45cf-4230-87d7-5b81c4e0d731,,FINISHED,CatBoost,adults,QNG,42,0.1,,,,,,,,classification,Tesla T4,True,1,8,0.8695874705701709,0.8636331891325312,0.8645543592665844,0.8695874705701709,0.9219626955213516,,,,,1.4011011123657229
c9832568-404d-4201-979c-f3471b57fda6,,FINISHED,CatBoost,adults,QNG,42,0.01,,,,,,,,classification,Tesla T4,True,1,8,0.8509571092230526,0.842250193520721,0.843718798428412,0.8509571092230526,0.9022703770612072,,,,,1.3969218730926514
a09524a8-3390-4ee7-97ae-cfbd163844e4,,FINISHED,CatBoost,adults,SGD,1337,0.1,,,,,,,,classification,Tesla T4,True,1,8,0.8640597809397073,0.8577113329478345,0.8584178792347372,0.8640597809397073,0.9217047190583364,,,,,1.42834734916687
1c474881-84af-4718-83f8-50c51c8594a0,,FINISHED,CatBoost,adults,SGD,1337,0.01,,,,,,,,classification,Tesla T4,True,1,8,0.8462483365748797,0.83635145065679,0.8383799439736808,0.8462483365748797,0.8993116483452727,,,,,1.403055191040039
53925c27-5be3-42b0-9066-298d45c8ccd2,,FINISHED,CatBoost,adults,SGD,1337,0.001,,,,,,,,classification,Tesla T4,True,1,8,0.8464530658204524,0.8379620328936085,0.8385653042832251,0.8464530658204524,0.8925149585482129,,,,,1.3862979412078855
3848c20b-3259-45d6-835b-ff5f9469cea7,,FINISHED,CatBoost,adults,Adam,1337,0.1,,,,,,,,classification,Tesla T4,True,1,8,0.8640597809397073,0.8577113329478345,0.8584178792347372,0.8640597809397073,0.9217047190583364,,,,,1.656421422958374
04c61761-cbfc-4a47-897b-2774b1b7e9c7,,FINISHED,CatBoost,adults,Adam,1337,0.01,,,,,,,,classification,Tesla T4,True,1,8,0.8462483365748797,0.83635145065679,0.8383799439736808,0.8462483365748797,0.8993116483452727,,,,,1.3984508514404297
842d9155-e55c-43c4-bc38-aff7be51d7d4,,FINISHED,CatBoost,adults,Adam,1337,0.001,,,,,,,,classification,Tesla T4,True,1,8,0.8464530658204524,0.8379620328936085,0.8385653042832251,0.8464530658204524,0.8925149585482129,,,,,1.4248569011688232
900a70cc-0b6e-4648-bb3e-e210563a0fd7,,FINISHED,CatBoost,adults,SPSA,1337,0.1,,,,,,,,classification,Tesla T4,True,1,8,0.8640597809397073,0.8577113329478345,0.8584178792347372,0.8640597809397073,0.9217047190583364,,,,,1.4216370582580566
e6928dd1-1169-4d1b-8a83-23a6ed78682c,,FINISHED,CatBoost,adults,SPSA,1337,0.01,,,,,,,,classification,Tesla T4,True,1,8,0.8462483365748797,0.83635145065679,0.8383799439736808,0.8462483365748797,0.8993116483452727,,,,,1.4164738655090332
880d4b2b-47a6-4264-994b-4209823146c9,,FINISHED,CatBoost,adults,QNG,1337,0.1,,,,,,,,classification,Tesla T4,True,1,8,0.8640597809397073,0.8577113329478345,0.8584178792347372,0.8640597809397073,0.9217047190583364,,,,,1.4503657817840576
da22c60a-b0bc-4e3a-8995-ac073c7a64ca,,FINISHED,CatBoost,adults,QNG,1337,0.01,,,,,,,,classification,Tesla T4,True,1,8,0.8462483365748797,0.83635145065679,0.8383799439736808,0.8462483365748797,0.8993116483452727,,,,,1.44097900390625
47473d5a-1830-4b1f-a95e-763ab5f504ee,,FINISHED,CatBoost,adults,SGD,2025,0.1,,,,,,,,classification,Tesla T4,True,1,8,0.8637526870713481,0.8576590955305087,0.858080066497768,0.8637526870713481,0.916970344448654,,,,,1.4108729362487793
3feb1f45-9611-4da8-8c9d-0b6f3f1b3a88,,FINISHED,CatBoost,adults,SGD,2025,0.01,,,,,,,,classification,Tesla T4,True,1,8,0.8504452861091207,0.8422574198931646,0.8431112152143273,0.8504452861091207,0.8968611885174803,,,,,1.3855059146881104
2bd0d632-ec2a-4305-a4c7-16d0685dce53,,FINISHED,CatBoost,adults,SGD,2025,0.001,,,,,,,,classification,Tesla T4,True,1,8,0.8457365134609479,0.8362519743102946,0.8377377637467878,0.8457365134609479,0.8940513056590551,,,,,1.384629487991333
40254125-7cd2-4916-9df0-5bf317d5c63b,,FINISHED,CatBoost,adults,Adam,2025,0.1,,,,,,,,classification,Tesla T4,True,1,8,0.8637526870713481,0.8576590955305087,0.858080066497768,0.8637526870713481,0.916970344448654,,,,,1.413121223449707
71c1fcb0-f5f2-41f4-8044-66ab86ca4d41,,FINISHED,CatBoost,adults,Adam,2025,0.01,,,,,,,,classification,Tesla T4,True,1,8,0.8504452861091207,0.8422574198931646,0.8431112152143273,0.8504452861091207,0.8968611885174803,,,,,1.3902301788330078
4ad97ae4-16ad-41ef-af3f-c9af851e6dfd,,FINISHED,CatBoost,adults,Adam,2025,0.001,,,,,,,,classification,Tesla T4,True,1,8,0.8457365134609479,0.8362519743102946,0.8377377637467878,0.8457365134609479,0.8940513056590551,,,,,1.3987219333648682
e0be364a-fba3-4d58-b236-b61cd7a86aab,,FINISHED,CatBoost,adults,SPSA,2025,0.1,,,,,,,,classification,Tesla T4,True,1,8,0.8637526870713481,0.8576590955305087,0.858080066497768,0.8637526870713481,0.916970344448654,,,,,1.439262628555298
fef208d0-188d-45bd-b567-e0cd06650a88,,FINISHED,CatBoost,adults,SPSA,2025,0.01,,,,,,,,classification,Tesla T4,True,1,8,0.8504452861091207,0.8422574198931646,0.8431112152143273,0.8504452861091207,0.8968611885174803,,,,,1.3898804187774658
b0e106a5-fdd3-4a32-b21f-26f1c2962e65,,FINISHED,CatBoost,adults,QNG,2025,0.1,,,,,,,,classification,Tesla T4,True,1,8,0.8637526870713481,0.8576590955305087,0.858080066497768,0.8637526870713481,0.916970344448654,,,,,1.4288108348846436
5c3dccdf-04a0-4bfd-a6cd-7c79fd438130,,FINISHED,CatBoost,adults,QNG,2025,0.01,,,,,,,,classification,Tesla T4,True,1,8,0.8504452861091207,0.8422574198931646,0.8431112152143273,0.8504452861091207,0.8968611885174803,,,,,1.408482789993286
f33c3eea-ddca-4225-9d6a-3b615fce557d,,FINISHED,CatBoost,california_housing,SGD,42,0.1,,,,,,,,regression,Tesla T4,True,1,8,,,,,,0.5171691755123633,0.2674639561001377,0.3495067888382829,0.7958927628386805,0.7242095470428467
495a8de6-8270-4f1e-b464-184b947d3d83,,FINISHED,CatBoost,california_housing,SGD,42,0.01,,,,,,,,regression,Tesla T4,True,1,8,,,,,,0.7805489856044464,0.6092567189281303,0.5984203253422088,0.5350636869521452,0.7723114490509033
a1812671-8937-47b2-91f5-4718cf5ab9a7,,FINISHED,CatBoost,california_housing,SGD,42,0.001,,,,,,,,regression,Tesla T4,True,1,8,,,,,,1.08639803656281,1.1802606938475286,0.8569363123762298,0.0993188283615722,0.7824664115905762
e1561c38-6289-46d0-bdb1-59a3e46f4da9,,FINISHED,CatBoost,california_housing,Adam,42,0.1,,,,,,,,regression,Tesla T4,True,1,8,,,,,,0.5171691755123633,0.2674639561001377,0.3495067888382829,0.7958927628386805,0.710796594619751
fd0f86d4-0ab2-4ef0-b8bd-aa7bf016b4fb,,FINISHED,CatBoost,california_housing,Adam,42,0.01,,,,,,,,regression,Tesla T4,True,1,8,,,,,,0.7805489856044464,0.6092567189281303,0.5984203253422088,0.5350636869521452,0.7080812454223633
45d21c1b-d3a4-451f-a42c-f458027b0685,,FINISHED,CatBoost,california_housing,Adam,42,0.001,,,,,,,,regression,Tesla T4,True,1,8,,,,,,1.08639803656281,1.1802606938475286,0.8569363123762298,0.0993188283615722,0.7362351417541504
911a6275-aedc-42ee-94dd-8ac6775e3b87,,FINISHED,CatBoost,california_housing,SPSA,42,0.1,,,,,,,,regression,Tesla T4,True,1,8,,,,,,0.5171691755123633,0.2674639561001377,0.3495067888382829,0.7958927628386805,0.7089126110076904
d65320fe-26ef-4922-8d6e-d38bb2c93efa,,FINISHED,CatBoost,california_housing,SPSA,42,0.01,,,,,,,,regression,Tesla T4,True,1,8,,,,,,0.7805489856044464,0.6092567189281303,0.5984203253422088,0.5350636869521452,0.706012487411499
3f03fadd-9fdb-4984-bf17-d0f68920a4fa,,FINISHED,CatBoost,california_housing,QNG,42,0.1,,,,,,,,regression,Tesla T4,True,1,8,,,,,,0.5171691755123633,0.2674639561001377,0.3495067888382829,0.7958927628386805,0.6983561515808105
704695cc-7ac7-4b4a-8560-f671c54d56e5,,FINISHED,CatBoost,california_housing,QNG,42,0.01,,,,,,,,regression,Tesla T4,True,1,8,,,,,,0.7805489856044464,0.6092567189281303,0.5984203253422088,0.5350636869521452,0.6980955600738525
c5a9c93b-a32a-423a-80c8-1b155606ab65,,FINISHED,CatBoost,california_housing,SGD,1337,0.1,,,,,,,,regression,Tesla T4,True,1,8,,,,,,0.5014232979225054,0.2514253236994816,0.346674917211002,0.809748315130599,0.7120320796966553
3d51363f-2c8d-452a-9212-df0da802fb88,,FINISHED,CatBoost,california_housing,SGD,1337,0.01,,,,,,,,regression,Tesla T4,True,1,8,,,,,,0.7701910767336247,0.5931942946801003,0.5923957184024905,0.551134259838132,0.7316398620605469
483657af-4de7-483a-8340-2d6e66bc2ff1,,FINISHED,CatBoost,california_housing,SGD,1337,0.001,,,,,,,,regression,Tesla T4,True,1,8,,,,,,1.0890760685397194,1.1860866830659311,0.8585414820388698,0.1024969699386015,0.6901607513427734
c2531241-8a3a-4bd5-8421-ecd2f827fa22,,FINISHED,CatBoost,california_housing,Adam,1337,0.1,,,,,,,,regression,Tesla T4,True,1,8,,,,,,0.5014232979225054,0.2514253236994816,0.346674917211002,0.809748315130599,0.7047622203826904
61c998ce-6ac8-43fa-87ab-b9986fed050d,,FINISHED,CatBoost,california_housing,Adam,1337,0.01,,,,,,,,regression,Tesla T4,True,1,8,,,,,,0.7701910767336247,0.5931942946801003,0.5923957184024905,0.551134259838132,0.6812751293182373
c1a4eae1-aa34-4a2c-91a5-f2a286795ce3,,FINISHED,CatBoost,california_housing,Adam,1337,0.001,,,,,,,,regression,Tesla T4,True,1,8,,,,,,1.0890760685397194,1.1860866830659311,0.8585414820388698,0.1024969699386015,0.7096285820007324
6501f40e-95e7-4e78-8003-45adf0a01bfd,,FINISHED,CatBoost,california_housing,SPSA,1337,0.1,,,,,,,,regression,Tesla T4,True,1,8,,,,,,0.5014232979225054,0.2514253236994816,0.346674917211002,0.809748315130599,0.7389600276947021
98e0f8dd-2661-4afc-8feb-2eb9e9ffbc54,,FINISHED,CatBoost,california_housing,SPSA,1337,0.01,,,,,,,,regression,Tesla T4,True,1,8,,,,,,0.7701910767336247,0.5931942946801003,0.5923957184024905,0.551134259838132,0.7033345699310303
2c8d62c3-a8b5-44fe-a720-79944faf7053,,FINISHED,CatBoost,california_housing,QNG,1337,0.1,,,,,,,,regression,Tesla T4,True,1,8,,,,,,0.5014232979225054,0.2514253236994816,0.346674917211002,0.809748315130599,0.6947982311248779
c89409da-099b-462c-83d1-50deb8aa2edc,,FINISHED,CatBoost,california_housing,QNG,1337,0.01,,,,,,,,regression,Tesla T4,True,1,8,,,,,,0.7701910767336247,0.5931942946801003,0.5923957184024905,0.551134259838132,0.7074165344238281
bf130184-cdac-4fa8-90bb-ff750c72a505,,FINISHED,CatBoost,california_housing,SGD,2025,0.1,,,,,,,,regression,Tesla T4,True,1,8,,,,,,0.5244807661058823,0.2750800740150132,0.3540719482869046,0.798397702385657,0.6854047775268555
413e919d-31ff-4bb9-867d-b52747aea494,,FINISHED,CatBoost,california_housing,SGD,2025,0.01,,,,,,,,regression,Tesla T4,True,1,8,,,,,,0.7898068542508864,0.6237948670216809,0.6086023829500078,0.5428295601493083,0.7425339221954346
1e7733f3-e185-4036-8ede-68326715b03e,,FINISHED,CatBoost,california_housing,SGD,2025,0.001,,,,,,,,regression,Tesla T4,True,1,8,,,,,,1.1072348960434428,1.2259691150163337,0.8769295937462052,0.1015045663466472,0.7442226409912109
034fb13a-f009-458d-9a19-562c1f46f092,,FINISHED,CatBoost,california_housing,Adam,2025,0.1,,,,,,,,regression,Tesla T4,True,1,8,,,,,,0.5244807661058823,0.2750800740150132,0.3540719482869046,0.798397702385657,0.6939291954040527
2464cad1-cb4d-4c1c-a963-fe95aa1ffd1c,,FINISHED,CatBoost,california_housing,Adam,2025,0.01,,,,,,,,regression,Tesla T4,True,1,8,,,,,,0.7898068542508864,0.6237948670216809,0.6086023829500078,0.5428295601493083,0.6914465427398682
4e73c977-d8d4-46e2-91e7-fe8f5426525d,,FINISHED,CatBoost,california_housing,Adam,2025,0.001,,,,,,,,regression,Tesla T4,True,1,8,,,,,,1.1072348960434428,1.2259691150163337,0.8769295937462052,0.1015045663466472,0.6920690536499023
d3c6082c-48f8-4922-9606-bca3961fff95,,FINISHED,CatBoost,california_housing,SPSA,2025,0.1,,,,,,,,regression,Tesla T4,True,1,8,,,,,,0.5244807661058823,0.2750800740150132,0.3540719482869046,0.798397702385657,0.6902961730957031
54de2d51-c76a-4070-95a5-059ff2f40838,,FINISHED,CatBoost,california_housing,SPSA,2025,0.01,,,,,,,,regression,Tesla T4,True,1,8,,,,,,0.7898068542508864,0.6237948670216809,0.6086023829500078,0.5428295601493083,0.6949362754821777
1dadb51d-ccd7-4edc-af51-5da3cc24f153,,FINISHED,CatBoost,california_housing,QNG,2025,0.1,,,,,,,,regression,Tesla T4,True,1,8,,,,,,0.5244807661058823,0.2750800740150132,0.3540719482869046,0.798397702385657,0.6922454833984375
7d838652-c4c2-4e54-862e-38c27338f14a,,FINISHED,CatBoost,california_housing,QNG,2025,0.01,,,,,,,,regression,Tesla T4,True,1,8,,,,,,0.7898068542508864,0.6237948670216809,0.6086023829500078,0.5428295601493083,0.6913666725158691
728d31aa-32ae-4b26-8cb6-b1308ab26d5f,,FINISHED,CatBoost,higgs,SGD,42,0.1,,,,,,,,classification,Tesla T4,True,1,8,0.9296,0.929598637029613,0.9296332708004909,0.9296,0.98437588,,,,,2.174123525619507
4889e7e0-c0f4-411f-801b-9b4cd75fc344,,FINISHED,CatBoost,higgs,SGD,42,0.01,,,,,,,,classification,Tesla T4,True,1,8,0.8558,0.8557925242844588,0.8558737939899218,0.8558,0.93558036,,,,,2.2036702632904053
943ca0f0-fb56-4d3e-b7df-95d5e5780193,,FINISHED,CatBoost,higgs,SGD,42,0.001,,,,,,,,classification,Tesla T4,True,1,8,0.8297,0.8296997939367505,0.8297015957557234,0.8297,0.91333974,,,,,2.210104465484619
6780960a-98b5-4de8-9484-b9c42d793b5e,,FINISHED,CatBoost,higgs,Adam,42,0.1,,,,,,,,classification,Tesla T4,True,1,8,0.9296,0.929598637029613,0.9296332708004909,0.9296,0.98437588,,,,,2.1644105911254883
70f60cff-b600-4a65-9a28-440426f727d1,,FINISHED,CatBoost,higgs,Adam,42,0.01,,,,,,,,classification,Tesla T4,True,1,8,0.8558,0.8557925242844588,0.8558737939899218,0.8558,0.93558036,,,,,2.207537889480591
5e38456a-21ec-406a-9a60-036b2218ea23,,FINISHED,CatBoost,higgs,Adam,42,0.001,,,,,,,,classification,Tesla T4,True,1,8,0.8297,0.8296997939367505,0.8297015957557234,0.8297,0.91333974,,,,,2.204237461090088
596b7541-1975-42e0-bd8b-875680754113,,FINISHED,CatBoost,higgs,SPSA,42,0.1,,,,,,,,classification,Tesla T4,True,1,8,0.9296,0.929598637029613,0.9296332708004909,0.9296,0.98437588,,,,,2.1438181400299072
7a96896b-c5b6-4fcc-8a07-6cd19f42b45d,,FINISHED,CatBoost,higgs,SPSA,42,0.01,,,,,,,,classification,Tesla T4,True,1,8,0.8558,0.8557925242844588,0.8558737939899218,0.8558,0.93558036,,,,,2.193809747695923
0240d9ac-1d0f-425c-8c47-6a75a39df455,,FINISHED,CatBoost,higgs,QNG,42,0.1,,,,,,,,classification,Tesla T4,True,1,8,0.9296,0.929598637029613,0.9296332708004909,0.9296,0.98437588,,,,,2.2201428413391118
b30e684a-501d-4397-93f3-26cae759bfe7,,FINISHED,CatBoost,higgs,QNG,42,0.01,,,,,,,,classification,Tesla T4,True,1,8,0.8558,0.8557925242844588,0.8558737939899218,0.8558,0.93558036,,,,,2.14936900138855
cdfd8fb5-4ac7-4639-9884-d6e920a2e655,,FINISHED,CatBoost,higgs,SGD,1337,0.1,,,,,,,,classification,Tesla T4,True,1,8,0.9311,0.931097088852004,0.9311728682147284,0.9311,0.98541688,,,,,2.469413995742798
c51ef5e7-5a95-4384-828f-8ef27f7b93a9,,FINISHED,CatBoost,higgs,SGD,1337,0.01,,,,,,,,classification,Tesla T4,True,1,8,0.8575,0.8574936028878335,0.8575642042285113,0.8575,0.933964,,,,,2.203887939453125
400119c9-9f81-4df0-9c7e-3de61b0fbf99,,FINISHED,CatBoost,higgs,SGD,1337,0.001,,,,,,,,classification,Tesla T4,True,1,8,0.8285,0.8284992436816647,0.8285057948422211,0.8285,0.91136326,,,,,2.199826717376709
f71baca6-493b-41b0-8e78-1cead3f0be2f,,FINISHED,CatBoost,higgs,Adam,1337,0.1,,,,,,,,classification,Tesla T4,True,1,8,0.9311,0.931097088852004,0.9311728682147284,0.9311,0.98541688,,,,,2.2287919521331787
062b9d7e-63d8-491f-ab0f-14c1ef7667a3,,FINISHED,CatBoost,higgs,Adam,1337,0.01,,,,,,,,classification,Tesla T4,True,1,8,0.8575,0.8574936028878335,0.8575642042285113,0.8575,0.933964,,,,,2.243722438812256
a2db8949-7001-498f-8700-52aad395b2a5,,FINISHED,CatBoost,higgs,Adam,1337,0.001,,,,,,,,classification,Tesla T4,True,1,8,0.8285,0.8284992436816647,0.8285057948422211,0.8285,0.91136326,,,,,2.162716627120972
2737cf84-7c51-4838-819f-425e526d2055,,FINISHED,CatBoost,higgs,SPSA,1337,0.1,,,,,,,,classification,Tesla T4,True,1,8,0.9311,0.931097088852004,0.9311728682147284,0.9311,0.98541688,,,,,2.2007029056549072
bc5adc6d-233f-4aae-a5fd-d25e8e440015,,FINISHED,CatBoost,higgs,SPSA,1337,0.01,,,,,,,,classification,Tesla T4,True,1,8,0.8575,0.8574936028878335,0.8575642042285113,0.8575,0.933964,,,,,2.228804349899292
426a9694-b55d-40fa-aa4b-4df1428eb8e8,,FINISHED,CatBoost,higgs,QNG,1337,0.1,,,,,,,,classification,Tesla T4,True,1,8,0.9311,0.931097088852004,0.9311728682147284,0.9311,0.98541688,,,,,2.209355592727661
01ecff5e-9ddd-467b-9ef2-2a6167e9059f,,FINISHED,CatBoost,higgs,QNG,1337,0.01,,,,,,,,classification,Tesla T4,True,1,8,0.8575,0.8574936028878335,0.8575642042285113,0.8575,0.933964,,,,,2.2168567180633545
5d0df749-29d2-4124-896b-831ed6468bcd,,FINISHED,CatBoost,higgs,SGD,2025,0.1,,,,,,,,classification,Tesla T4,True,1,8,0.9338,0.933798209903596,0.9338469248833956,0.9338,0.98573208,,,,,2.1622097492218018
eb167d80-d137-4525-8f1f-79aa571ab0bf,,FINISHED,CatBoost,higgs,SGD,2025,0.01,,,,,,,,classification,Tesla T4,True,1,8,0.8597,0.8596947792427356,0.8597535457177446,0.8597,0.93841,,,,,2.2165701389312744
ef4b9537-a9af-4822-bfc5-f2953c9932fe,,FINISHED,CatBoost,higgs,SGD,2025,0.001,,,,,,,,classification,Tesla T4,True,1,8,0.8327,0.8326983922315492,0.8327127894796275,0.8327,0.91810418,,,,,2.174202442169189
eeaf0979-328a-40f1-a9ca-f81c3f5cbe14,,FINISHED,CatBoost,higgs,Adam,2025,0.1,,,,,,,,classification,Tesla T4,True,1,8,0.9338,0.933798209903596,0.9338469248833956,0.9338,0.98573208,,,,,2.2790746688842773
7746e8f5-d200-452e-b069-248fd94d93b0,,FINISHED,CatBoost,higgs,Adam,2025,0.01,,,,,,,,classification,Tesla T4,True,1,8,0.8597,0.8596947792427356,0.8597535457177446,0.8597,0.93841,,,,,2.1579461097717285
57f37e5e-f547-438a-bb1b-0e5b056dba98,,FINISHED,CatBoost,higgs,Adam,2025,0.001,,,,,,,,classification,Tesla T4,True,1,8,0.8327,0.8326983922315492,0.8327127894796275,0.8327,0.91810418,,,,,2.248737335205078
a05a5d98-7067-4c21-8004-e6f6c22c4836,,FINISHED,CatBoost,higgs,SPSA,2025,0.1,,,,,,,,classification,Tesla T4,True,1,8,0.9338,0.933798209903596,0.9338469248833956,0.9338,0.98573208,,,,,2.211046934127808
1706470c-5acb-4083-8d3c-51397ffafaca,,FINISHED,CatBoost,higgs,SPSA,2025,0.01,,,,,,,,classification,Tesla T4,True,1,8,0.8597,0.8596947792427356,0.8597535457177446,0.8597,0.93841,,,,,2.211918830871582
bb0d6df5-e581-4dcf-989b-45b63c6c0baf,,FINISHED,CatBoost,higgs,QNG,2025,0.1,,,,,,,,classification,Tesla T4,True,1,8,0.9338,0.933798209903596,0.9338469248833956,0.9338,0.98573208,,,,,2.2390522956848145
a8cb2010-2c88-4fe9-a0ab-b9c12a59c5d7,,FINISHED,CatBoost,higgs,QNG,2025,0.01,,,,,,,,classification,Tesla T4,True,1,8,0.8597,0.8596947792427356,0.8597535457177446,0.8597,0.93841,,,,,2.1747937202453613
